epoch,lr,trainset_Energy_MAE,trainset_Force_MAE,trainset_Stress_MAE,trainset_Energy_Loss,trainset_Force_Loss,trainset_Stress_Loss,trainset_TotalLoss,validset_Energy_MAE,validset_Force_MAE,validset_Stress_MAE,validset_Energy_Loss,validset_Force_Loss,validset_Stress_Loss,validset_TotalLoss
1,1991,0.010000,0.372112,0.550843,23.170104,0.003672,0.005481,0.231651,0.011469,0.135818,0.285280,14.927327,0.001309,0.002807,0.149257,0.005608
1,3981,0.010000,0.092153,0.215066,12.296971,0.000873,0.002103,0.122920,0.004205,0.072112,0.179716,10.521983,0.000673,0.001750,0.105206,0.003475
1,5971,0.009999,0.068444,0.173880,10.636142,0.000636,0.001690,0.106311,0.003390,0.065669,0.164215,9.746756,0.000609,0.001594,0.097449,0.003177
1,7962,0.009999,0.060715,0.160535,9.798116,0.000559,0.001558,0.097931,0.003097,0.053275,0.154575,9.294195,0.000485,0.001498,0.092920,0.002913
1,9952,0.009998,0.054985,0.150572,9.356261,0.000502,0.001458,0.093513,0.002895,0.051210,0.144224,8.797765,0.000465,0.001395,0.087956,0.002739
1,11942,0.009996,0.054700,0.150916,9.617528,0.000500,0.001462,0.096125,0.002923,0.045884,0.141789,8.652640,0.000412,0.001370,0.086505,0.002647
1,13932,0.009994,0.049240,0.140134,8.889326,0.000445,0.001354,0.088843,0.002687,0.044815,0.136330,8.439595,0.000401,0.001315,0.084374,0.002560
1,15923,0.009992,0.047948,0.136375,8.676162,0.000432,0.001316,0.086712,0.002616,0.041401,0.134798,8.355526,0.000368,0.001301,0.083537,0.002504
1,17913,0.009990,0.045938,0.133479,8.550406,0.000412,0.001287,0.085454,0.002554,0.043242,0.130415,8.165717,0.000386,0.001256,0.081640,0.002459
1,19903,0.009987,0.054118,0.152966,10.346270,0.000494,0.001484,0.103413,0.003012,0.069451,0.239120,13.759296,0.000647,0.002345,0.137573,0.004367
1,21893,0.009985,0.050955,0.158603,9.672167,0.000462,0.001539,0.096672,0.002968,0.045400,0.141647,10.949045,0.000407,0.001368,0.109429,0.002870
1,23884,0.009981,0.043954,0.133547,8.680344,0.000393,0.001289,0.086754,0.002549,0.040014,0.129735,8.393686,0.000354,0.001250,0.083919,0.002443
1,25874,0.009978,0.062892,0.164179,11.013955,0.000582,0.001597,0.110090,0.003280,0.048809,0.147904,8.917757,0.000441,0.001431,0.089164,0.002763
1,27864,0.009974,0.046101,0.137032,8.627864,0.000414,0.001323,0.086229,0.002599,0.039915,0.130153,8.218045,0.000353,0.001254,0.082161,0.002428
1,29855,0.009970,0.043231,0.128981,8.360724,0.000386,0.001242,0.083557,0.002463,0.046427,0.126323,8.058907,0.000417,0.001216,0.080569,0.002439
1,31845,0.009965,0.041857,0.126864,8.325894,0.000372,0.001221,0.083209,0.002425,0.045278,0.123845,7.994777,0.000406,0.001191,0.079930,0.002396
1,33835,0.009960,0.041021,0.123404,8.139606,0.000364,0.001187,0.081346,0.002364,0.035667,0.121732,7.832917,0.000311,0.001169,0.078310,0.002263
1,35825,0.009955,0.039198,0.120948,8.161816,0.000346,0.001162,0.081568,0.002323,0.048363,0.117913,7.766347,0.000436,0.001131,0.077639,0.002344
1,37816,0.009950,0.037819,0.118820,7.979843,0.000332,0.001141,0.079749,0.002270,0.035294,0.117271,7.872831,0.000307,0.001125,0.078707,0.002219
1,39806,0.009944,0.038182,0.118879,8.078680,0.000335,0.001141,0.080737,0.002284,0.042613,0.115761,7.647352,0.000379,0.001110,0.076453,0.002254
1,41796,0.009938,0.043738,0.136035,9.109994,0.000391,0.001312,0.091050,0.002614,0.037953,0.118918,7.758148,0.000333,0.001141,0.077559,0.002250
1,43786,0.009932,0.036034,0.116828,7.812640,0.000314,0.001121,0.078076,0.002216,0.036060,0.117983,7.760210,0.000315,0.001132,0.077576,0.002223
1,45777,0.009925,0.036489,0.115745,7.872613,0.000319,0.001110,0.078676,0.002216,0.033883,0.114440,7.705935,0.000293,0.001096,0.077033,0.002160
1,47767,0.009918,0.035930,0.114142,7.621261,0.000313,0.001094,0.076163,0.002169,0.035275,0.114267,7.937581,0.000307,0.001095,0.079359,0.002195
1,49757,0.009911,0.036231,0.114122,7.742035,0.000316,0.001094,0.077370,0.002184,0.040986,0.112105,7.908002,0.000363,0.001073,0.079051,0.002227
1,51748,0.009903,0.035566,0.113906,7.807116,0.000310,0.001092,0.078021,0.002182,0.048153,0.111622,7.466582,0.000434,0.001068,0.074647,0.002249
1,53738,0.009896,0.036186,0.112803,7.767258,0.000316,0.001081,0.077623,0.002173,0.033043,0.114417,8.105877,0.000285,0.001096,0.081037,0.002192
1,55728,0.009887,0.034349,0.110966,7.716859,0.000298,0.001063,0.077119,0.002131,0.036109,0.109929,8.535995,0.000315,0.001052,0.085320,0.002220
1,57718,0.009879,0.051087,0.153118,11.534974,0.000464,0.001484,0.115300,0.003100,0.037937,0.124340,8.187070,0.000333,0.001196,0.081844,0.002347
1,59709,0.009870,0.038682,0.121646,8.240507,0.000341,0.001169,0.082355,0.002333,0.036382,0.115918,7.790605,0.000317,0.001112,0.077883,0.002208
1,61699,0.009861,0.037496,0.117528,8.004728,0.000329,0.001128,0.079997,0.002257,0.036036,0.117440,8.363017,0.000314,0.001126,0.083610,0.002277
1,63689,0.009852,0.034787,0.113100,7.648861,0.000302,0.001084,0.076439,0.002150,0.034715,0.109853,7.439209,0.000302,0.001050,0.074372,0.002096
1,65679,0.009842,0.034164,0.110611,7.543254,0.000296,0.001058,0.075383,0.002108,0.029336,0.110104,7.285051,0.000249,0.001053,0.072829,0.002030
1,67670,0.009832,0.033828,0.109511,7.596132,0.000292,0.001048,0.075911,0.002099,0.036672,0.107831,7.384441,0.000320,0.001031,0.073824,0.002089
1,69660,0.009822,0.045570,0.136889,9.496919,0.000409,0.001321,0.094919,0.002679,0.042862,0.127255,8.426027,0.000382,0.001225,0.084235,0.002449
1,71650,0.009811,0.035397,0.114697,7.717590,0.000308,0.001099,0.077126,0.002178,0.031195,0.109628,7.489390,0.000267,0.001049,0.074868,0.002064
1,73640,0.009800,0.034141,0.109368,7.581048,0.000296,0.001047,0.075761,0.002100,0.040451,0.109040,7.541262,0.000357,0.001043,0.075393,0.002154
1,75631,0.009789,0.037209,0.113648,10.073172,0.000326,0.001087,0.100682,0.002420,0.397095,0.741766,39.758896,0.003921,0.007401,0.397620,0.015298
1,77621,0.009778,0.070152,0.184932,10.902212,0.000654,0.001804,0.108972,0.003547,0.045783,0.136026,8.773116,0.000410,0.001314,0.087710,0.002601
1,79611,0.009766,0.038592,0.122216,8.147352,0.000339,0.001175,0.081424,0.002328,0.032181,0.115281,7.595639,0.000277,0.001105,0.075939,0.002141
1,81602,0.009754,0.055503,0.146700,9.928283,0.000508,0.001419,0.099233,0.002919,0.053565,0.137003,9.349944,0.000488,0.001323,0.093481,0.002745
1,83592,0.009742,0.039827,0.123869,8.148595,0.000352,0.001191,0.081436,0.002357,0.040229,0.117265,7.644684,0.000356,0.001125,0.076423,0.002245
1,85582,0.009729,0.036529,0.114362,7.738993,0.000319,0.001096,0.077340,0.002189,0.034703,0.110597,7.477033,0.000301,0.001058,0.074751,0.002107
1,87572,0.009716,0.035212,0.112612,7.724689,0.000306,0.001079,0.077197,0.002157,0.034396,0.110177,7.391500,0.000298,0.001054,0.073892,0.002091
1,89563,0.009703,0.033946,0.109416,7.584393,0.000294,0.001047,0.075794,0.002099,0.030884,0.105874,7.367029,0.000263,0.001011,0.073652,0.002011
1,91553,0.009689,0.045158,0.132783,8.917736,0.000405,0.001281,0.089127,0.002578,0.038117,0.114582,7.853253,0.000334,0.001098,0.078510,0.002218
1,93543,0.009676,0.035027,0.111888,7.871853,0.000304,0.001072,0.078669,0.002163,0.037086,0.109939,7.928759,0.000324,0.001052,0.079261,0.002169
1,95533,0.009662,0.033433,0.108747,7.622346,0.000288,0.001040,0.076174,0.002091,0.037961,0.107576,7.390358,0.000333,0.001027,0.073877,0.002099
1,97524,0.009647,0.032669,0.108010,7.563946,0.000281,0.001033,0.075590,0.002070,0.032988,0.109161,7.744422,0.000284,0.001044,0.077424,0.002103
1,99514,0.009632,0.032225,0.106853,7.504875,0.000277,0.001021,0.074999,0.002048,0.032864,0.109834,7.382952,0.000283,0.001051,0.073806,0.002072
1,101504,0.009618,0.035532,0.110647,7.756664,0.000309,0.001059,0.077517,0.002143,0.028003,0.104481,7.246225,0.000236,0.000997,0.072442,0.001957
1,103495,0.009602,0.032790,0.107068,7.609973,0.000282,0.001023,0.076050,0.002066,0.035798,0.104972,7.368844,0.000311,0.001002,0.073666,0.002050
1,105485,0.009587,0.033343,0.109256,7.728762,0.000288,0.001044,0.077238,0.002104,0.044993,0.151153,9.114975,0.000403,0.001464,0.091125,0.002778
1,107475,0.009571,0.033092,0.109950,7.732949,0.000285,0.001052,0.077280,0.002110,0.031623,0.103653,7.247872,0.000270,0.000989,0.072457,0.001984
1,109465,0.009555,0.031731,0.104949,7.326330,0.000272,0.001003,0.073213,0.002006,0.027009,0.105540,7.214063,0.000226,0.001007,0.072124,0.001955
1,111456,0.009538,0.031023,0.103447,7.306877,0.000265,0.000987,0.073019,0.001982,0.028832,0.102086,7.218445,0.000243,0.000973,0.072161,0.001938
1,113446,0.009522,0.031651,0.104884,7.410029,0.000271,0.001002,0.074050,0.002014,0.033535,0.106048,7.367792,0.000289,0.001013,0.073659,0.002039
1,115436,0.009505,0.031050,0.104443,7.362272,0.000265,0.000998,0.073573,0.001998,0.037915,0.104112,7.120694,0.000333,0.000994,0.071187,0.002038
1,117426,0.009488,0.030740,0.102910,7.292706,0.000262,0.000982,0.072877,0.001973,0.028075,0.102362,7.128695,0.000236,0.000976,0.071268,0.001925
1,119417,0.009470,0.030690,0.103063,7.408637,0.000262,0.000983,0.074036,0.001985,0.031695,0.101678,7.040016,0.000271,0.000969,0.070380,0.001944
1,121407,0.009452,0.030023,0.101890,7.205243,0.000255,0.000972,0.072003,0.001947,0.030782,0.101738,7.177186,0.000262,0.000970,0.071750,0.001950
1,123397,0.009434,0.042959,0.134554,9.301273,0.000384,0.001300,0.092963,0.002613,0.042600,0.140866,8.731481,0.000379,0.001362,0.087299,0.002614
1,125388,0.009416,0.059382,0.155591,11.062268,0.000547,0.001510,0.110573,0.003163,0.048795,0.130563,8.569104,0.000441,0.001258,0.085672,0.002556
1,127378,0.009397,0.038514,0.119677,8.060830,0.000339,0.001150,0.080558,0.002294,0.039502,0.115241,8.147483,0.000348,0.001105,0.081455,0.002268
1,129368,0.009378,0.033927,0.109885,7.679274,0.000293,0.001052,0.076743,0.002113,0.028802,0.105124,7.202364,0.000244,0.001004,0.072001,0.001967
1,131358,0.009359,0.032588,0.105660,7.410230,0.000280,0.001009,0.074052,0.002030,0.030416,0.103190,7.174820,0.000259,0.000984,0.071726,0.001960
1,133349,0.009340,0.031226,0.103503,7.269582,0.000267,0.000988,0.072646,0.001981,0.033893,0.102419,7.616496,0.000293,0.000977,0.076146,0.002032
1,135339,0.009320,0.030992,0.102603,7.403465,0.000264,0.000979,0.073985,0.001983,0.036146,0.111618,8.938905,0.000315,0.001069,0.089366,0.002278
1,137329,0.009300,0.030416,0.101889,7.330057,0.000259,0.000972,0.073251,0.001963,0.028793,0.101018,7.057145,0.000244,0.000963,0.070548,0.001912
1,139319,0.009280,0.030501,0.101582,7.311526,0.000260,0.000969,0.073065,0.001959,0.027374,0.101874,7.175329,0.000229,0.000972,0.071728,0.001918
1,141310,0.009260,0.029598,0.100442,7.123365,0.000251,0.000957,0.071184,0.001920,0.042076,0.100495,7.165947,0.000374,0.000957,0.071640,0.002048
1,143300,0.009239,0.029296,0.099836,7.103075,0.000248,0.000951,0.070981,0.001909,0.028710,0.101086,7.136336,0.000242,0.000963,0.071342,0.001919
1,145290,0.009218,0.030101,0.099848,7.165406,0.000256,0.000951,0.071604,0.001923,0.029028,0.099953,7.193103,0.000245,0.000952,0.071910,0.001917
1,147280,0.009197,0.028794,0.099035,7.099222,0.000243,0.000943,0.070942,0.001895,0.030507,0.100936,7.185540,0.000260,0.000961,0.071837,0.001940
1,149271,0.009175,0.028930,0.098631,7.069862,0.000244,0.000939,0.070649,0.001890,0.030787,0.098252,6.923498,0.000262,0.000935,0.069214,0.001890
1,151261,0.009153,0.028585,0.098785,7.164115,0.000241,0.000940,0.071591,0.001897,0.029926,0.099007,7.186122,0.000254,0.000943,0.071838,0.001915
1,153251,0.009131,0.042953,0.125601,9.100007,0.000384,0.001202,0.090950,0.002495,0.063839,0.184038,10.818501,0.000590,0.001793,0.108169,0.003465
1,155242,0.009109,0.047091,0.131660,8.600498,0.000424,0.001269,0.085955,0.002552,0.042048,0.114393,7.792601,0.000373,0.001095,0.077904,0.002247
1,157232,0.009086,0.035237,0.108785,7.537460,0.000306,0.001040,0.075325,0.002100,0.034563,0.104536,7.337408,0.000300,0.000998,0.073354,0.002031
1,159222,0.009064,0.076999,0.185857,29.764395,0.000723,0.001814,0.297594,0.005513,0.065820,0.187057,10.873205,0.000610,0.001824,0.108715,0.003521
1,161212,0.009040,0.056295,0.161408,9.821551,0.000515,0.001567,0.098166,0.003064,0.053625,0.143366,9.407494,0.000489,0.001386,0.094050,0.002815
1,163203,0.009017,0.042208,0.129826,8.409974,0.000375,0.001250,0.084050,0.002466,0.036275,0.120559,7.985678,0.000317,0.001158,0.079835,0.002273
1,165193,0.008994,0.035398,0.115269,7.927041,0.000308,0.001105,0.079220,0.002205,0.055949,0.114100,7.492857,0.000512,0.001094,0.074906,0.002355
1,167183,0.008970,0.032423,0.107616,7.434031,0.000279,0.001029,0.074290,0.002050,0.034928,0.108614,7.545772,0.000303,0.001038,0.075435,0.002096
1,169173,0.008946,0.031698,0.103651,7.328944,0.000271,0.000989,0.073240,0.001993,0.030155,0.102070,7.303642,0.000257,0.000973,0.073015,0.001960
1,171164,0.008921,0.030814,0.101452,7.216625,0.000263,0.000967,0.072116,0.001951,0.035358,0.100548,7.027357,0.000306,0.000958,0.070253,0.001967
1,173154,0.008897,0.066280,0.186817,30.449076,0.000616,0.001807,0.304441,0.005467,0.052673,0.169927,10.348993,0.000479,0.001652,0.103470,0.003166
1,175144,0.008872,0.046138,0.150271,9.248967,0.000414,0.001455,0.092440,0.002793,0.042507,0.136154,8.525610,0.000378,0.001314,0.085234,0.002545
1,177135,0.008847,0.038215,0.128201,8.262800,0.000336,0.001234,0.082578,0.002396,0.043042,0.121322,7.937568,0.000383,0.001166,0.079351,0.002342
1,179125,0.008822,0.034186,0.116303,7.678344,0.000296,0.001116,0.076734,0.002179,0.030288,0.110975,7.515595,0.000258,0.001062,0.075133,0.002072
1,181115,0.008796,0.032411,0.110038,7.661076,0.000278,0.001053,0.076561,0.002097,0.033974,0.111713,7.548610,0.000294,0.001070,0.075463,0.002118
1,183105,0.008771,0.039440,0.119921,8.540730,0.000349,0.001151,0.085357,0.002353,0.046846,0.123383,8.075448,0.000421,0.001186,0.080732,0.002415
1,185096,0.008745,0.032761,0.110290,7.603522,0.000282,0.001056,0.075985,0.002098,0.030146,0.104846,7.249198,0.000256,0.001001,0.072468,0.001982
1,187086,0.008718,0.031603,0.105023,7.521426,0.000271,0.001003,0.075164,0.002025,0.028500,0.101454,7.081849,0.000240,0.000967,0.070793,0.001915
1,189076,0.008692,0.030144,0.102794,7.368254,0.000256,0.000980,0.073633,0.001973,0.031410,0.100296,7.179760,0.000268,0.000955,0.071777,0.001941
1,191066,0.008665,0.031987,0.103702,7.408099,0.000275,0.000990,0.074031,0.002005,0.035827,0.104581,7.598052,0.000312,0.000998,0.075958,0.002070
1,193057,0.008638,0.030644,0.102290,7.344500,0.000261,0.000976,0.073395,0.001971,0.032444,0.106367,7.396678,0.000279,0.001016,0.073943,0.002035
1,195047,0.008611,0.029312,0.100993,7.264399,0.000248,0.000963,0.072594,0.001937,0.026070,0.099200,7.006370,0.000217,0.000945,0.070042,0.001862
1,197037,0.008584,0.033458,0.107142,7.676307,0.000289,0.001024,0.076713,0.002080,0.030787,0.107538,8.068108,0.000262,0.001028,0.080660,0.002097
1,199028,0.008556,0.028458,0.100199,7.267864,0.000240,0.000955,0.072680,0.001921,0.033369,0.099628,6.977125,0.000288,0.000949,0.069751,0.001934
2,1991,0.008529,0.028854,0.099671,7.198803,0.000244,0.000950,0.071938,0.001912,0.029961,0.099935,7.141031,0.000254,0.000952,0.071386,0.001920
2,3981,0.008501,0.028584,0.098338,7.059386,0.000241,0.000937,0.070544,0.001883,0.028527,0.098935,7.018309,0.000241,0.000942,0.070162,0.001884
2,5971,0.008472,0.046187,0.142891,12.489302,0.000416,0.001382,0.124843,0.003046,0.036016,0.116424,7.807060,0.000314,0.001117,0.078051,0.002211
2,7962,0.008444,0.031467,0.108137,7.584444,0.000269,0.001034,0.075795,0.002061,0.038435,0.122752,8.724977,0.000338,0.001180,0.087224,0.002390
2,9952,0.008415,0.029215,0.102357,7.284659,0.000247,0.000976,0.072797,0.001951,0.028377,0.099637,7.084187,0.000239,0.000949,0.070821,0.001896
2,11942,0.008386,0.028754,0.099529,7.032343,0.000243,0.000948,0.070274,0.001893,0.026087,0.098276,7.002323,0.000217,0.000935,0.070002,0.001852
2,13932,0.008357,0.028012,0.098435,7.070456,0.000235,0.000937,0.070655,0.001879,0.030395,0.099573,7.178615,0.000259,0.000948,0.071765,0.001925
2,15923,0.008328,0.031628,0.101826,7.224337,0.000271,0.000971,0.072193,0.001964,0.027156,0.098984,7.044901,0.000227,0.000942,0.070427,0.001874
2,17913,0.008299,0.028324,0.098420,7.051566,0.000238,0.000937,0.070466,0.001880,0.028991,0.098294,7.073982,0.000245,0.000935,0.070721,0.001887
2,19903,0.008269,0.028291,0.097514,7.071150,0.000238,0.000928,0.070662,0.001873,0.034344,0.099211,7.170512,0.000297,0.000945,0.071682,0.001958
2,21893,0.008239,0.027884,0.097563,7.024638,0.000234,0.000929,0.070196,0.001865,0.025927,0.095167,6.818345,0.000215,0.000904,0.068163,0.001801
2,23884,0.008209,0.028466,0.097623,7.178708,0.000240,0.000929,0.071737,0.001886,0.029060,0.096678,7.103330,0.000246,0.000919,0.071012,0.001875
2,25874,0.008179,0.027379,0.096872,7.063046,0.000229,0.000922,0.070581,0.001857,0.027453,0.094866,6.795518,0.000230,0.000901,0.067931,0.001810
2,27864,0.008148,0.027081,0.095878,7.042713,0.000226,0.000912,0.070377,0.001842,0.030919,0.094678,7.104094,0.000263,0.000899,0.071017,0.001873
2,29855,0.008117,0.027303,0.096014,7.025206,0.000228,0.000913,0.070202,0.001843,0.024413,0.094480,6.859948,0.000201,0.000897,0.068578,0.001784
2,31845,0.008087,0.027304,0.095914,6.996115,0.000229,0.000912,0.069911,0.001840,0.029094,0.094957,6.770081,0.000246,0.000902,0.067678,0.001824
2,33835,0.008056,0.026137,0.095113,6.993449,0.000217,0.000904,0.069885,0.001820,0.028696,0.093437,6.788749,0.000242,0.000887,0.067867,0.001808
2,35825,0.008024,0.026422,0.094616,6.894270,0.000220,0.000899,0.068893,0.001808,0.025590,0.094499,6.825074,0.000212,0.000897,0.068230,0.001792
2,37816,0.007993,0.025989,0.094268,6.943171,0.000216,0.000895,0.069382,0.001805,0.027453,0.093157,6.749822,0.000230,0.000884,0.067475,0.001789
2,39806,0.007961,0.026155,0.094348,6.851572,0.000217,0.000897,0.068466,0.001799,0.025651,0.092790,6.774868,0.000213,0.000880,0.067726,0.001770
2,41796,0.007929,0.026364,0.094153,6.892458,0.000219,0.000894,0.068875,0.001802,0.034592,0.099115,7.331646,0.000299,0.000943,0.073299,0.001976
2,43786,0.007897,0.026004,0.093801,6.948920,0.000216,0.000891,0.069439,0.001801,0.025636,0.094755,8.309659,0.000213,0.000900,0.083054,0.001943
2,45777,0.007865,0.026004,0.093708,6.827474,0.000216,0.000890,0.068225,0.001788,0.030411,0.095034,7.353647,0.000259,0.000902,0.073505,0.001896
2,47767,0.007833,0.025731,0.093600,6.874774,0.000213,0.000889,0.068698,0.001789,0.025320,0.092275,7.047699,0.000210,0.000875,0.070451,0.001789
2,49757,0.007800,0.025591,0.093249,6.991900,0.000212,0.000885,0.069869,0.001796,0.030362,0.093566,6.882659,0.000258,0.000888,0.068806,0.001835
2,51748,0.007768,0.025426,0.093069,6.807845,0.000210,0.000884,0.068029,0.001774,0.026804,0.093648,7.418401,0.000224,0.000889,0.074155,0.001855
2,53738,0.007735,0.026152,0.094423,7.031062,0.000217,0.000898,0.070261,0.001818,0.025466,0.093367,7.138075,0.000211,0.000886,0.071358,0.001811
2,55728,0.007702,0.025517,0.092994,6.851502,0.000211,0.000883,0.068465,0.001778,0.024338,0.092650,6.834208,0.000200,0.000879,0.068320,0.001762
2,57718,0.007669,0.025372,0.093271,6.948660,0.000210,0.000885,0.069437,0.001789,0.024026,0.092201,6.925268,0.000197,0.000875,0.069231,0.001764
2,59709,0.007635,0.026038,0.094530,6.926978,0.000216,0.000898,0.069220,0.001806,0.024801,0.092796,6.788659,0.000204,0.000880,0.067866,0.001763
2,61699,0.007602,0.025712,0.093204,6.820449,0.000213,0.000885,0.068155,0.001780,0.026967,0.091759,6.723555,0.000225,0.000870,0.067216,0.001767
2,63689,0.007568,0.025520,0.093112,7.006435,0.000211,0.000885,0.070014,0.001796,0.025515,0.091306,6.646017,0.000211,0.000865,0.066439,0.001741
2,65679,0.007534,0.025364,0.092214,6.864935,0.000210,0.000875,0.068599,0.001770,0.024089,0.091796,6.691725,0.000198,0.000870,0.066894,0.001737
2,67670,0.007500,0.026486,0.095856,7.032740,0.000221,0.000911,0.070277,0.001835,0.025580,0.093822,6.774745,0.000212,0.000891,0.067725,0.001780
2,69660,0.007466,0.026801,0.096525,7.139644,0.000224,0.000919,0.071347,0.001856,0.024397,0.092806,6.788394,0.000201,0.000880,0.067865,0.001760
2,71650,0.007432,0.026059,0.093510,6.837056,0.000217,0.000888,0.068321,0.001788,0.025718,0.092097,6.752908,0.000213,0.000873,0.067507,0.001762
2,73640,0.007397,0.031794,0.105823,7.856845,0.000273,0.001011,0.078519,0.002069,0.039067,0.094647,7.280131,0.000344,0.000899,0.072777,0.001971
2,75631,0.007362,0.026035,0.094728,7.014609,0.000216,0.000900,0.070096,0.001818,0.028734,0.095388,6.825179,0.000242,0.000906,0.068228,0.001830
2,77621,0.007328,0.026182,0.094182,6.975323,0.000218,0.000895,0.069703,0.001810,0.029889,0.094581,7.261538,0.000253,0.000898,0.072592,0.001878
2,79611,0.007293,0.073605,0.174578,158.904690,0.000691,0.001716,1.588997,0.018297,0.082136,0.228243,13.398097,0.000773,0.002238,0.133971,0.004350
2,81602,0.007258,0.060661,0.186911,11.277219,0.000559,0.001822,0.112722,0.003508,0.056739,0.163886,10.538656,0.000520,0.001592,0.105366,0.003166
2,83592,0.007222,0.049234,0.151933,9.524516,0.000445,0.001472,0.095195,0.002869,0.046144,0.142975,8.845041,0.000415,0.001383,0.088431,0.002682
2,85582,0.007187,0.043193,0.133703,8.707269,0.000385,0.001289,0.087023,0.002545,0.041404,0.126592,8.255101,0.000367,0.001218,0.082530,0.002411
2,87572,0.007152,0.038182,0.119380,8.045919,0.000336,0.001146,0.080409,0.002286,0.036139,0.113578,7.578190,0.000316,0.001088,0.075764,0.002162
2,89563,0.007116,0.033446,0.109161,7.635321,0.000289,0.001044,0.076303,0.002096,0.036860,0.105613,7.265652,0.000322,0.001009,0.072633,0.002057
2,91553,0.007080,0.030832,0.102878,7.183568,0.000263,0.000981,0.071786,0.001963,0.028322,0.100559,7.027266,0.000239,0.000958,0.070250,0.001900
2,93543,0.007044,0.029789,0.100217,7.287059,0.000253,0.000955,0.072821,0.001936,0.027003,0.098275,7.573428,0.000226,0.000935,0.075715,0.001918
2,95533,0.007008,0.027173,0.097403,7.162637,0.000227,0.000927,0.071576,0.001870,0.030808,0.096071,7.061766,0.000263,0.000913,0.070597,0.001881
2,97524,0.006972,0.026475,0.095276,6.955575,0.000220,0.000906,0.069506,0.001821,0.027931,0.095008,6.902812,0.000235,0.000903,0.069006,0.001828
2,99514,0.006936,0.025808,0.094732,6.918548,0.000214,0.000900,0.069136,0.001805,0.024861,0.094788,6.849429,0.000205,0.000900,0.068472,0.001790
2,101504,0.006900,0.031558,0.108780,7.777803,0.000271,0.001041,0.077728,0.002090,0.026280,0.103690,7.258944,0.000219,0.000990,0.072566,0.001935
2,103495,0.006863,0.025785,0.099427,7.227613,0.000214,0.000947,0.072226,0.001883,0.026678,0.095989,6.869780,0.000222,0.000912,0.068677,0.001821
2,105485,0.006827,0.025199,0.095051,6.906606,0.000208,0.000903,0.069016,0.001801,0.025528,0.093918,6.770047,0.000211,0.000892,0.067682,0.001780
2,107475,0.006790,0.025383,0.093900,6.916964,0.000210,0.000892,0.069120,0.001793,0.026943,0.093532,6.820867,0.000225,0.000888,0.068186,0.001795
2,109465,0.006753,0.025160,0.093451,6.934473,0.000208,0.000888,0.069295,0.001788,0.025106,0.093478,6.918376,0.000207,0.000888,0.069161,0.001787
2,111456,0.006716,0.024799,0.092635,6.828174,0.000204,0.000879,0.068232,0.001765,0.024504,0.092093,6.777704,0.000202,0.000873,0.067756,0.001753
2,113446,0.006679,0.026578,0.096501,7.120575,0.000222,0.000918,0.071156,0.001851,0.027358,0.095565,6.976372,0.000229,0.000908,0.069742,0.001835
2,115436,0.006642,0.024629,0.093153,6.897891,0.000202,0.000884,0.068929,0.001776,0.025251,0.091960,6.707672,0.000209,0.000872,0.067054,0.001751
2,117426,0.006605,0.024623,0.092498,6.853597,0.000202,0.000878,0.068486,0.001765,0.023997,0.091343,6.679275,0.000197,0.000866,0.066769,0.001730
2,119417,0.006568,0.043992,0.133659,11.576975,0.000394,0.001289,0.115720,0.002841,0.033324,0.115785,7.761297,0.000288,0.001110,0.077592,0.002174
2,121407,0.006530,0.029311,0.105798,7.419942,0.000248,0.001011,0.074149,0.002000,0.026135,0.100818,7.119520,0.000217,0.000961,0.071170,0.001890
2,123397,0.006493,0.025900,0.096988,7.070064,0.000215,0.000923,0.070651,0.001844,0.025980,0.095361,6.909046,0.000215,0.000906,0.069070,0.001813
2,125388,0.006455,0.025483,0.094400,6.973465,0.000211,0.000897,0.069685,0.001804,0.025651,0.093275,6.710648,0.000213,0.000885,0.067083,0.001769
2,127378,0.006417,0.024737,0.093336,6.898022,0.000203,0.000886,0.068930,0.001779,0.025781,0.092010,6.711419,0.000214,0.000873,0.067092,0.001757
2,129368,0.006379,0.028607,0.099727,7.592138,0.000242,0.000949,0.075871,0.001950,0.030750,0.104416,7.263361,0.000262,0.000997,0.072613,0.001985
2,131358,0.006342,0.027764,0.101799,7.350416,0.000233,0.000971,0.073454,0.001939,0.026011,0.096210,6.861671,0.000216,0.000915,0.068595,0.001817
2,133349,0.006304,0.025307,0.094724,7.088881,0.000209,0.000900,0.070839,0.001818,0.023101,0.093956,6.749484,0.000189,0.000892,0.067474,0.001755
2,135339,0.006266,0.024938,0.093573,6.896563,0.000206,0.000889,0.068916,0.001783,0.025265,0.091689,6.650280,0.000209,0.000869,0.066481,0.001743
2,137329,0.006227,0.025089,0.092525,6.837868,0.000207,0.000878,0.068329,0.001769,0.024284,0.092232,6.662581,0.000199,0.000875,0.066604,0.001740
2,139319,0.006189,0.024285,0.092321,6.799398,0.000199,0.000876,0.067944,0.001755,0.026956,0.091479,6.644633,0.000225,0.000867,0.066426,0.001756
2,141310,0.006151,0.024774,0.092165,6.864056,0.000204,0.000875,0.068591,0.001765,0.028301,0.091377,6.765543,0.000238,0.000866,0.067635,0.001780
2,143300,0.006113,0.024901,0.091847,6.825533,0.000205,0.000872,0.068205,0.001759,0.024903,0.092533,6.663587,0.000205,0.000878,0.066613,0.001749
2,145290,0.006074,0.030802,0.111698,8.746344,0.000263,0.001069,0.087414,0.002207,0.024636,0.095088,6.798182,0.000203,0.000903,0.067961,0.001786
2,147280,0.006036,0.023939,0.093507,6.870548,0.000196,0.000888,0.068656,0.001770,0.023365,0.091878,6.672318,0.000191,0.000871,0.066702,0.001729
2,149271,0.005997,0.024217,0.092068,6.783974,0.000199,0.000873,0.067790,0.001750,0.022848,0.092974,6.721176,0.000186,0.000883,0.067191,0.001741
2,151261,0.005959,0.023919,0.091424,6.752813,0.000196,0.000867,0.067478,0.001738,0.023658,0.090168,6.655249,0.000194,0.000854,0.066530,0.001713
2,153251,0.005920,0.024586,0.091732,6.782742,0.000202,0.000870,0.067778,0.001750,0.023243,0.092731,6.759191,0.000190,0.000880,0.067569,0.001745
2,155242,0.005881,0.027667,0.100580,7.326818,0.000233,0.000959,0.073218,0.001924,0.025347,0.095853,6.861134,0.000210,0.000911,0.068588,0.001807
2,157232,0.005842,0.023770,0.093494,6.984862,0.000194,0.000888,0.069799,0.001780,0.022794,0.091193,6.637865,0.000186,0.000864,0.066356,0.001714
2,159222,0.005804,0.023762,0.091079,6.710160,0.000194,0.000865,0.067052,0.001729,0.022584,0.091505,6.639013,0.000184,0.000868,0.066370,0.001715
2,161212,0.005765,0.023748,0.090680,6.708526,0.000194,0.000860,0.067035,0.001724,0.024284,0.091219,6.836183,0.000199,0.000865,0.068341,0.001747
2,163203,0.005726,0.025019,0.093519,6.921050,0.000207,0.000888,0.069161,0.001787,0.024193,0.096345,6.949730,0.000199,0.000916,0.069476,0.001810
2,165193,0.005687,0.023982,0.092242,6.787248,0.000196,0.000876,0.067823,0.001750,0.023286,0.090876,6.635275,0.000190,0.000861,0.066333,0.001715
2,167183,0.005648,0.023933,0.090644,6.767692,0.000196,0.000859,0.067627,0.001731,0.025406,0.090455,6.770859,0.000210,0.000857,0.067687,0.001744
2,169173,0.005609,0.023703,0.090627,6.684913,0.000194,0.000860,0.066799,0.001721,0.027386,0.090809,6.611165,0.000229,0.000861,0.066089,0.001750
2,171164,0.005570,0.023476,0.091038,6.800882,0.000191,0.000863,0.067959,0.001734,0.025631,0.095019,11.019904,0.000213,0.000903,0.110106,0.002217
2,173154,0.005530,0.023351,0.090315,6.739113,0.000190,0.000856,0.067341,0.001720,0.024277,0.090876,7.274067,0.000200,0.000861,0.072707,0.001788
2,175144,0.005491,0.031614,0.123486,8.408897,0.000272,0.001193,0.084039,0.002305,0.029838,0.115038,7.835415,0.000254,0.001102,0.078333,0.002139
2,177135,0.005452,0.024870,0.100905,7.169594,0.000205,0.000962,0.071646,0.001883,0.022752,0.094765,6.794526,0.000185,0.000900,0.067921,0.001765
2,179125,0.005413,0.024380,0.094718,7.086728,0.000200,0.000901,0.070817,0.001809,0.028402,0.101046,7.221955,0.000239,0.000963,0.072193,0.001924
2,181115,0.005374,0.023468,0.092776,6.831016,0.000191,0.000880,0.068260,0.001754,0.025631,0.091764,6.798511,0.000213,0.000870,0.067962,0.001762
2,183105,0.005334,0.032440,0.111452,7.933312,0.000280,0.001069,0.079283,0.002142,0.044505,0.136711,15.563586,0.000399,0.001320,0.155502,0.003274
2,185096,0.005295,0.028623,0.109708,7.715538,0.000242,0.001050,0.077105,0.002063,0.027019,0.100787,7.161620,0.000226,0.000960,0.071595,0.001902
2,187086,0.005256,0.024031,0.096585,6.913018,0.000197,0.000919,0.069080,0.001806,0.023168,0.094337,6.811987,0.000189,0.000896,0.068094,0.001766
2,189076,0.005216,0.024097,0.094509,7.015115,0.000198,0.000898,0.070101,0.001797,0.023830,0.092242,6.737950,0.000196,0.000875,0.067357,0.001744
2,191066,0.005177,0.023709,0.091527,6.702952,0.000194,0.000868,0.066980,0.001732,0.024434,0.092445,6.879508,0.000201,0.000877,0.068774,0.001765
2,193057,0.005138,0.023679,0.091272,6.802887,0.000194,0.000866,0.067979,0.001739,0.023692,0.090898,6.778458,0.000194,0.000862,0.067761,0.001733
2,195047,0.005098,0.023392,0.090911,6.790433,0.000191,0.000862,0.067854,0.001731,0.023964,0.090943,6.879340,0.000197,0.000862,0.068772,0.001746
2,197037,0.005059,0.022998,0.090066,6.758829,0.000187,0.000854,0.067538,0.001716,0.022701,0.091015,6.679730,0.000184,0.000862,0.066775,0.001714
2,199028,0.005020,0.023002,0.090089,6.654369,0.000187,0.000854,0.066485,0.001706,0.023589,0.090100,6.767520,0.000193,0.000854,0.067650,0.001723
3,1991,0.004980,0.023238,0.089912,6.771238,0.000189,0.000852,0.067662,0.001718,0.022638,0.090096,6.667816,0.000184,0.000854,0.066658,0.001704
3,3981,0.004941,0.022901,0.089329,6.679389,0.000186,0.000846,0.066744,0.001700,0.021979,0.088555,6.521056,0.000178,0.000838,0.065186,0.001668
3,5971,0.004902,0.022536,0.089279,6.614930,0.000182,0.000846,0.066099,0.001689,0.024815,0.088490,6.539220,0.000204,0.000838,0.065372,0.001695
3,7962,0.004862,0.022474,0.088690,6.715589,0.000182,0.000840,0.067106,0.001693,0.024059,0.087898,6.759278,0.000197,0.000831,0.067571,0.001704
3,9952,0.004823,0.022145,0.088773,6.704516,0.000179,0.000840,0.066995,0.001689,0.022042,0.088615,6.579445,0.000179,0.000839,0.065771,0.001675
3,11942,0.004784,0.022565,0.088542,6.755443,0.000183,0.000838,0.067505,0.001696,0.021610,0.088177,6.514423,0.000174,0.000835,0.065120,0.001660
3,13932,0.004744,0.024355,0.094726,7.233036,0.000201,0.000901,0.072280,0.001824,0.022449,0.091567,6.681053,0.000182,0.000868,0.066783,0.001718
3,15923,0.004705,0.028493,0.108112,8.150715,0.000241,0.001036,0.081457,0.002091,0.027765,0.112859,8.752715,0.000234,0.001081,0.087493,0.002189
3,17913,0.004666,0.023913,0.098362,7.191894,0.000196,0.000937,0.071869,0.001851,0.024543,0.093610,6.811164,0.000202,0.000888,0.068089,0.001771
3,19903,0.004626,0.022405,0.091300,6.716242,0.000181,0.000866,0.067113,0.001719,0.023237,0.090224,6.599451,0.000190,0.000855,0.065971,0.001704
3,21893,0.004587,0.022701,0.091830,6.782352,0.000184,0.000871,0.067774,0.001733,0.026206,0.100011,7.187661,0.000218,0.000953,0.071853,0.001889
3,23884,0.004548,0.022603,0.091829,6.751041,0.000183,0.000871,0.067460,0.001729,0.022790,0.090017,6.633911,0.000185,0.000852,0.066316,0.001701
3,25874,0.004509,0.045712,0.152048,20.255422,0.000411,0.001446,0.202504,0.003882,0.033589,0.115936,7.877311,0.000290,0.001112,0.078752,0.002189
3,27864,0.004470,0.026733,0.105433,7.418630,0.000223,0.001007,0.074136,0.001972,0.024199,0.099872,7.001555,0.000199,0.000951,0.069994,0.001851
3,29855,0.004430,0.024328,0.097164,6.912080,0.000200,0.000924,0.069071,0.001815,0.024507,0.095130,6.844592,0.000202,0.000904,0.068426,0.001790
3,31845,0.004391,0.023378,0.093739,6.843533,0.000191,0.000890,0.068385,0.001765,0.023852,0.092212,6.708645,0.000196,0.000875,0.067067,0.001741
3,33835,0.004352,0.023119,0.091455,6.724990,0.000188,0.000868,0.067200,0.001728,0.022735,0.090907,6.679185,0.000185,0.000862,0.066773,0.001714
3,35825,0.004313,0.022750,0.090393,6.688559,0.000184,0.000857,0.066836,0.001710,0.025067,0.090248,6.618757,0.000207,0.000855,0.066165,0.001723
3,37816,0.004274,0.022527,0.089551,6.592602,0.000182,0.000849,0.065876,0.001690,0.023077,0.089895,6.638091,0.000188,0.000852,0.066357,0.001703
3,39806,0.004235,0.022967,0.090080,6.759501,0.000187,0.000854,0.067545,0.001716,0.022684,0.089317,6.565765,0.000184,0.000846,0.065637,0.001686
3,41796,0.004196,0.022605,0.089600,6.693478,0.000183,0.000849,0.066885,0.001701,0.024506,0.090085,6.633441,0.000202,0.000853,0.066311,0.001718
3,43786,0.004158,0.022660,0.088854,6.562219,0.000184,0.000841,0.065572,0.001681,0.022235,0.088490,6.605457,0.000180,0.000837,0.066032,0.001678
3,45777,0.004119,0.029828,0.105697,10.833824,0.000254,0.001014,0.108288,0.002351,0.025385,0.097654,6.988910,0.000210,0.000929,0.069865,0.001838
3,47767,0.004080,0.022719,0.092843,6.781593,0.000184,0.000881,0.067766,0.001743,0.023496,0.090831,6.626934,0.000192,0.000861,0.066247,0.001715
3,49757,0.004041,0.022956,0.090041,6.691129,0.000187,0.000853,0.066861,0.001709,0.023534,0.089217,6.643934,0.000192,0.000845,0.066417,0.001701
3,51748,0.004003,0.021771,0.088694,6.640599,0.000175,0.000840,0.066356,0.001678,0.021853,0.088322,6.520297,0.000176,0.000836,0.065184,0.001664
3,53738,0.003964,0.021651,0.088131,6.601226,0.000174,0.000835,0.065962,0.001668,0.021766,0.089358,6.632228,0.000176,0.000846,0.066299,0.001685
3,55728,0.003926,0.022099,0.088686,6.657117,0.000178,0.000840,0.066521,0.001683,0.021602,0.088188,6.525305,0.000174,0.000834,0.065233,0.001661
3,57718,0.003887,0.023199,0.091079,6.779487,0.000189,0.000863,0.067745,0.001729,0.021891,0.088979,6.636116,0.000177,0.000842,0.066341,0.001682
3,59709,0.003849,0.021865,0.088090,6.642407,0.000176,0.000834,0.066374,0.001674,0.021109,0.087718,6.495268,0.000170,0.000830,0.064930,0.001649
3,61699,0.003811,0.022360,0.087886,6.546765,0.000181,0.000832,0.065418,0.001667,0.021550,0.088120,6.515090,0.000174,0.000834,0.065129,0.001659
3,63689,0.003773,0.021484,0.087336,6.677730,0.000172,0.000826,0.066727,0.001666,0.022577,0.087104,6.518474,0.000183,0.000823,0.065162,0.001658
3,65679,0.003734,0.021640,0.087819,6.589777,0.000174,0.000831,0.065848,0.001664,0.021170,0.087176,6.525987,0.000170,0.000824,0.065238,0.001647
3,67670,0.003696,0.021728,0.087333,6.553221,0.000175,0.000826,0.065482,0.001656,0.022747,0.087372,6.474966,0.000185,0.000826,0.064728,0.001658
3,69660,0.003658,0.021506,0.087288,6.647613,0.000173,0.000826,0.066426,0.001663,0.021704,0.087869,6.477968,0.000175,0.000831,0.064758,0.001654
3,71650,0.003621,0.020938,0.086782,6.516757,0.000167,0.000821,0.065118,0.001639,0.022068,0.087714,6.497915,0.000178,0.000829,0.064958,0.001657
3,73640,0.003583,0.020874,0.086703,6.532437,0.000167,0.000820,0.065274,0.001640,0.021499,0.086653,6.473691,0.000173,0.000819,0.064715,0.001639
3,75631,0.003545,0.021325,0.086807,6.646998,0.000171,0.000821,0.066420,0.001656,0.021564,0.086874,6.502910,0.000174,0.000821,0.065007,0.001645
3,77621,0.003507,0.021063,0.086848,6.510941,0.000168,0.000822,0.065060,0.001641,0.021810,0.086635,6.503326,0.000176,0.000819,0.065011,0.001645
3,79611,0.003470,0.021112,0.086467,6.584611,0.000169,0.000818,0.065796,0.001645,0.022613,0.086993,6.476320,0.000183,0.000823,0.064744,0.001653
3,81602,0.003432,0.021033,0.086543,6.611788,0.000168,0.000818,0.066068,0.001647,0.022156,0.088879,6.741924,0.000180,0.000841,0.067395,0.001695
3,83592,0.003395,0.021327,0.088183,6.707786,0.000171,0.000836,0.067028,0.001677,0.021431,0.086735,6.495655,0.000173,0.000820,0.064933,0.001642
3,85582,0.003358,0.020921,0.087247,6.529537,0.000167,0.000825,0.065245,0.001645,0.023302,0.089783,6.670669,0.000190,0.000850,0.066686,0.001707
3,87572,0.003321,0.020570,0.086679,6.524306,0.000164,0.000820,0.065193,0.001636,0.022657,0.085997,6.468507,0.000183,0.000813,0.064663,0.001643
3,89563,0.003284,0.020694,0.086423,6.507960,0.000165,0.000818,0.065030,0.001633,0.022907,0.087087,6.468686,0.000186,0.000824,0.064664,0.001656
3,91553,0.003247,0.020986,0.086426,6.499848,0.000168,0.000817,0.064949,0.001635,0.021666,0.085571,6.407501,0.000175,0.000808,0.064054,0.001624
3,93543,0.003210,0.020641,0.086260,6.517063,0.000164,0.000816,0.065121,0.001631,0.021039,0.085985,6.440396,0.000169,0.000812,0.064380,0.001625
3,95533,0.003173,0.020267,0.085814,6.570608,0.000161,0.000811,0.065656,0.001629,0.021897,0.086414,6.460130,0.000177,0.000817,0.064579,0.001639
3,97524,0.003137,0.020424,0.085649,6.518223,0.000162,0.000810,0.065132,0.001623,0.022664,0.085595,6.419069,0.000184,0.000808,0.064167,0.001634
3,99514,0.003100,0.020515,0.085745,6.494400,0.000163,0.000811,0.064894,0.001623,0.021425,0.085506,6.411647,0.000172,0.000808,0.064095,0.001621
3,101504,0.003064,0.021060,0.087430,6.740480,0.000169,0.000827,0.067355,0.001669,0.021440,0.087372,6.491498,0.000172,0.000826,0.064894,0.001648
3,103495,0.003028,0.020207,0.085844,6.461370,0.000160,0.000812,0.064564,0.001618,0.020631,0.085754,6.421765,0.000165,0.000810,0.064196,0.001617
3,105485,0.002992,0.019844,0.085702,6.483423,0.000157,0.000810,0.064784,0.001615,0.020656,0.085376,6.393101,0.000165,0.000806,0.063908,0.001611
3,107475,0.002956,0.020133,0.085481,6.448042,0.000160,0.000808,0.064431,0.001612,0.021797,0.085608,6.402498,0.000176,0.000808,0.064002,0.001624
3,109465,0.002920,0.020260,0.085412,6.493382,0.000161,0.000807,0.064884,0.001617,0.021246,0.085168,6.428211,0.000170,0.000804,0.064260,0.001617
3,111456,0.002884,0.020476,0.085483,6.505010,0.000163,0.000808,0.065000,0.001621,0.021043,0.086133,6.423260,0.000169,0.000814,0.064211,0.001625
3,113446,0.002848,0.029122,0.108899,8.869058,0.000248,0.001040,0.088641,0.002175,0.028092,0.101808,7.374328,0.000237,0.000971,0.073723,0.001945
3,115436,0.002813,0.023500,0.095217,7.006853,0.000192,0.000905,0.070019,0.001798,0.022500,0.091246,6.745057,0.000183,0.000865,0.067427,0.001723
3,117426,0.002778,0.021048,0.088987,6.629555,0.000169,0.000843,0.066246,0.001675,0.021023,0.087451,6.513859,0.000169,0.000827,0.065114,0.001647
3,119417,0.002742,0.020303,0.086760,6.558280,0.000162,0.000820,0.065533,0.001637,0.020799,0.086319,6.438866,0.000167,0.000816,0.064366,0.001626
3,121407,0.002707,0.020168,0.085349,6.541040,0.000160,0.000807,0.065360,0.001621,0.020903,0.085170,6.441242,0.000168,0.000804,0.064391,0.001616
3,123397,0.002672,0.019914,0.085329,6.427719,0.000158,0.000806,0.064227,0.001606,0.020921,0.085870,6.407413,0.000168,0.000811,0.064052,0.001619
3,125388,0.002638,0.019606,0.085078,6.480967,0.000155,0.000804,0.064760,0.001606,0.021927,0.085334,6.390294,0.000177,0.000806,0.063879,0.001622
3,127378,0.002603,0.019985,0.084723,6.353469,0.000158,0.000800,0.063485,0.001593,0.021099,0.085569,6.386344,0.000169,0.000808,0.063841,0.001616
3,129368,0.002569,0.021532,0.088787,7.029061,0.000174,0.000841,0.070241,0.001717,0.023410,0.090735,6.755534,0.000192,0.000860,0.067530,0.001727
3,131358,0.002534,0.019761,0.086308,6.547428,0.000156,0.000816,0.065424,0.001626,0.020059,0.085573,6.422576,0.000160,0.000808,0.064202,0.001610
3,133349,0.002500,0.019523,0.084729,6.428758,0.000154,0.000801,0.064238,0.001597,0.021125,0.085154,6.393082,0.000169,0.000804,0.063909,0.001613
3,135339,0.002466,0.021857,0.088426,7.426328,0.000177,0.000837,0.074213,0.001755,0.021717,0.087482,6.566058,0.000175,0.000827,0.065636,0.001659
3,137329,0.002432,0.020164,0.085985,6.485523,0.000160,0.000813,0.064805,0.001621,0.021179,0.085325,6.440622,0.000170,0.000806,0.064384,0.001620
3,139319,0.002398,0.019963,0.085037,6.517759,0.000158,0.000804,0.065128,0.001613,0.020461,0.084741,6.376503,0.000164,0.000800,0.063742,0.001601
3,141310,0.002365,0.020073,0.085968,6.588598,0.000159,0.000814,0.065836,0.001631,0.020355,0.085419,6.376806,0.000162,0.000807,0.063746,0.001606
3,143300,0.002332,0.019200,0.084672,6.402743,0.000151,0.000800,0.063978,0.001590,0.020502,0.085432,6.374661,0.000164,0.000807,0.063724,0.001608
3,145290,0.002298,0.019529,0.084679,6.554451,0.000154,0.000800,0.065495,0.001609,0.022693,0.084454,6.391031,0.000184,0.000797,0.063888,0.001620
3,147280,0.002265,0.019522,0.084760,6.410523,0.000154,0.000801,0.064055,0.001595,0.020113,0.084678,6.401199,0.000161,0.000799,0.063990,0.001600
3,149271,0.002232,0.019678,0.084638,6.413534,0.000156,0.000799,0.064085,0.001596,0.020475,0.084575,6.364841,0.000163,0.000798,0.063627,0.001598
3,151261,0.002200,0.019469,0.084670,6.480821,0.000153,0.000800,0.064758,0.001601,0.020948,0.085610,6.412161,0.000168,0.000809,0.064099,0.001618
3,153251,0.002167,0.019485,0.084478,6.396901,0.000154,0.000798,0.063919,0.001591,0.020128,0.085208,6.378004,0.000160,0.000804,0.063758,0.001602
3,155242,0.002135,0.019423,0.084342,6.443110,0.000153,0.000797,0.064381,0.001594,0.020360,0.084443,6.387529,0.000162,0.000797,0.063854,0.001598
3,157232,0.002103,0.019031,0.084147,6.472412,0.000149,0.000794,0.064674,0.001590,0.020810,0.084576,6.361895,0.000166,0.000798,0.063596,0.001601
3,159222,0.002071,0.019285,0.084225,6.331713,0.000152,0.000796,0.063267,0.001580,0.020206,0.084188,6.349114,0.000161,0.000794,0.063469,0.001590
3,161212,0.002039,0.018999,0.083887,6.304049,0.000149,0.000792,0.062991,0.001571,0.020665,0.084293,6.382996,0.000166,0.000796,0.063808,0.001599
3,163203,0.002007,0.020253,0.085219,6.832428,0.000161,0.000805,0.068274,0.001649,0.021560,0.089165,6.663116,0.000174,0.000844,0.066608,0.001684
3,165193,0.001976,0.019395,0.084689,6.414914,0.000153,0.000800,0.064099,0.001595,0.019750,0.084043,6.356948,0.000157,0.000793,0.063546,0.001585
3,167183,0.001945,0.019100,0.083664,6.403336,0.000150,0.000790,0.063983,0.001580,0.019833,0.083760,6.340275,0.000158,0.000790,0.063380,0.001582
3,169173,0.001913,0.019003,0.083480,6.364434,0.000149,0.000789,0.063594,0.001574,0.020691,0.083970,6.356585,0.000165,0.000792,0.063545,0.001593
3,171164,0.001883,0.018996,0.083568,6.367415,0.000149,0.000789,0.063624,0.001574,0.019680,0.083706,6.307789,0.000156,0.000790,0.063058,0.001577
3,173154,0.001852,0.018833,0.083677,6.377666,0.000148,0.000790,0.063727,0.001575,0.020388,0.083651,6.374073,0.000163,0.000789,0.063718,0.001589
3,175144,0.001821,0.018944,0.083676,6.449076,0.000149,0.000790,0.064441,0.001583,0.019661,0.084400,6.342828,0.000156,0.000796,0.063407,0.001587
3,177135,0.001791,0.019019,0.083899,6.397848,0.000150,0.000792,0.063929,0.001581,0.019495,0.083771,6.314078,0.000155,0.000790,0.063118,0.001576
3,179125,0.001761,0.018539,0.083049,6.326997,0.000145,0.000784,0.063220,0.001560,0.019852,0.083701,6.324160,0.000158,0.000790,0.063219,0.001580
3,181115,0.001731,0.018812,0.083244,6.436189,0.000147,0.000785,0.064312,0.001576,0.020001,0.083696,6.310898,0.000159,0.000790,0.063086,0.001580
3,183105,0.001701,0.018846,0.083243,6.329790,0.000148,0.000785,0.063248,0.001566,0.019997,0.083682,6.324763,0.000159,0.000790,0.063225,0.001581
3,185096,0.001672,0.019025,0.084069,6.469978,0.000150,0.000794,0.064650,0.001590,0.019561,0.083771,6.315353,0.000155,0.000790,0.063132,0.001577
3,187086,0.001643,0.018500,0.083244,6.433578,0.000145,0.000785,0.064286,0.001573,0.020442,0.083522,6.298196,0.000163,0.000788,0.062960,0.001580
3,189076,0.001614,0.018978,0.083120,6.402181,0.000149,0.000784,0.063972,0.001573,0.020246,0.083405,6.325758,0.000162,0.000787,0.063236,0.001581
3,191066,0.001585,0.018708,0.083269,6.368264,0.000147,0.000786,0.063633,0.001569,0.019715,0.083293,6.398864,0.000157,0.000786,0.063965,0.001582
3,193057,0.001556,0.018882,0.083031,6.326637,0.000148,0.000783,0.063216,0.001564,0.019667,0.083563,6.372148,0.000156,0.000788,0.063699,0.001581
3,195047,0.001528,0.020876,0.087561,8.063069,0.000168,0.000830,0.080581,0.001803,0.024457,0.098794,7.364774,0.000202,0.000940,0.073625,0.001878
3,197037,0.001499,0.019275,0.087607,6.510404,0.000152,0.000829,0.065054,0.001632,0.019303,0.084611,6.391360,0.000153,0.000799,0.063891,0.001591
3,199028,0.001471,0.018334,0.083628,6.462253,0.000143,0.000789,0.064567,0.001578,0.019389,0.083667,6.327051,0.000154,0.000789,0.063249,0.001576
4,1991,0.001444,0.018361,0.083287,6.447909,0.000144,0.000786,0.064429,0.001574,0.019076,0.083501,6.331317,0.000151,0.000788,0.063291,0.001572
4,3981,0.001416,0.018262,0.082820,6.529109,0.000143,0.000781,0.065241,0.001576,0.019034,0.083179,6.293309,0.000150,0.000784,0.062912,0.001564
4,5971,0.001389,0.018490,0.082787,6.369235,0.000145,0.000781,0.063642,0.001562,0.019127,0.083003,6.290423,0.000151,0.000783,0.062881,0.001563
4,7962,0.001362,0.018655,0.082739,6.353033,0.000146,0.000781,0.063480,0.001562,0.019607,0.083323,6.296245,0.000155,0.000786,0.062941,0.001571
4,9952,0.001335,0.018571,0.082845,6.404726,0.000146,0.000782,0.063997,0.001567,0.019129,0.083134,6.296735,0.000152,0.000784,0.062946,0.001565
4,11942,0.001308,0.018064,0.082796,6.324181,0.000140,0.000781,0.063192,0.001553,0.020514,0.083182,6.286664,0.000164,0.000784,0.062845,0.001577
4,13932,0.001282,0.018341,0.082545,6.286825,0.000143,0.000779,0.062818,0.001550,0.019314,0.083274,6.303992,0.000153,0.000786,0.063017,0.001569
4,15923,0.001255,0.018805,0.082804,6.348017,0.000148,0.000782,0.063430,0.001564,0.019683,0.082922,6.302301,0.000156,0.000782,0.063003,0.001568
4,17913,0.001229,0.018210,0.082656,6.172260,0.000142,0.000780,0.061673,0.001538,0.019386,0.083247,6.288929,0.000154,0.000785,0.062867,0.001568
4,19903,0.001204,0.017952,0.082566,6.312634,0.000139,0.000779,0.063076,0.001549,0.019580,0.082709,6.290883,0.000155,0.000780,0.062888,0.001564
4,21893,0.001178,0.018147,0.082552,6.405966,0.000141,0.000779,0.064010,0.001560,0.019220,0.082885,6.293254,0.000152,0.000782,0.062910,0.001563
4,23884,0.001153,0.018511,0.082109,6.278815,0.000145,0.000774,0.062738,0.001547,0.019062,0.082412,6.287497,0.000151,0.000777,0.062853,0.001556
4,25874,0.001128,0.018395,0.082270,6.371632,0.000144,0.000776,0.063666,0.001557,0.019046,0.082825,6.288072,0.000151,0.000781,0.062858,0.001560
4,27864,0.001103,0.018218,0.082165,6.293675,0.000142,0.000775,0.062887,0.001546,0.019235,0.082490,6.277508,0.000152,0.000778,0.062753,0.001557
4,29855,0.001079,0.018114,0.082375,6.283528,0.000141,0.000777,0.062785,0.001546,0.019218,0.082403,6.289331,0.000152,0.000777,0.062871,0.001557
4,31845,0.001054,0.018073,0.082967,6.466609,0.000141,0.000783,0.064616,0.001570,0.026158,0.100539,7.719461,0.000218,0.000958,0.077168,0.001947
4,33835,0.001030,0.018079,0.083286,6.465261,0.000141,0.000786,0.064603,0.001573,0.018799,0.082378,6.272138,0.000148,0.000776,0.062698,0.001552
4,35825,0.001006,0.018714,0.083203,7.602672,0.000147,0.000785,0.075977,0.001692,0.019798,0.084853,6.426463,0.000158,0.000801,0.064242,0.001601
4,37816,0.000983,0.018196,0.082896,6.411364,0.000142,0.000782,0.064064,0.001565,0.019006,0.082848,6.285367,0.000151,0.000781,0.062831,0.001560
4,39806,0.000960,0.018261,0.082378,6.296427,0.000143,0.000777,0.062914,0.001549,0.018840,0.082503,6.269498,0.000149,0.000778,0.062673,0.001553
4,41796,0.000937,0.018200,0.082357,6.238306,0.000142,0.000776,0.062333,0.001542,0.019674,0.082243,6.259604,0.000156,0.000775,0.062574,0.001557
4,43786,0.000914,0.018195,0.082423,6.283074,0.000142,0.000777,0.062781,0.001547,0.018774,0.082229,6.261534,0.000148,0.000775,0.062593,0.001549
4,45777,0.000891,0.017590,0.081970,6.243977,0.000136,0.000773,0.062390,0.001533,0.019442,0.082316,6.264090,0.000154,0.000776,0.062620,0.001556
4,47767,0.000869,0.018443,0.082246,6.324990,0.000145,0.000776,0.063200,0.001553,0.019218,0.082349,6.252838,0.000152,0.000776,0.062508,0.001554
4,49757,0.000847,0.017829,0.081844,6.340067,0.000139,0.000771,0.063351,0.001544,0.019372,0.082565,6.299625,0.000153,0.000778,0.062973,0.001561
4,51748,0.000825,0.018068,0.081965,6.235151,0.000141,0.000773,0.062302,0.001537,0.018771,0.082169,6.252980,0.000148,0.000774,0.062508,0.001548
4,53738,0.000803,0.017490,0.081860,6.340179,0.000135,0.000772,0.063352,0.001541,0.018513,0.082046,6.254741,0.000146,0.000773,0.062526,0.001544
4,55728,0.000782,0.017421,0.081576,6.289172,0.000135,0.000769,0.062842,0.001532,0.018674,0.081964,6.243167,0.000147,0.000772,0.062409,0.001544
4,57718,0.000761,0.017884,0.081709,6.336079,0.000139,0.000770,0.063311,0.001543,0.018544,0.081987,6.244775,0.000146,0.000773,0.062426,0.001543
4,59709,0.000740,0.017983,0.081660,6.298344,0.000140,0.000770,0.062934,0.001540,0.019328,0.082137,6.244794,0.000153,0.000774,0.062425,0.001551
4,61699,0.000720,0.017531,0.081790,6.297466,0.000136,0.000771,0.062925,0.001536,0.018883,0.082160,6.262524,0.000149,0.000774,0.062603,0.001550
4,63689,0.000700,0.017602,0.081792,6.394116,0.000137,0.000771,0.063891,0.001547,0.018619,0.081880,6.248163,0.000147,0.000771,0.062460,0.001543
4,65679,0.000680,0.017740,0.081437,6.202032,0.000138,0.000767,0.061970,0.001525,0.018330,0.081896,6.265629,0.000144,0.000772,0.062633,0.001542
4,67670,0.000660,0.017352,0.081492,6.313875,0.000134,0.000768,0.063089,0.001533,0.018970,0.081646,6.234367,0.000150,0.000769,0.062322,0.001542
4,69660,0.000641,0.017852,0.081590,6.285409,0.000139,0.000769,0.062804,0.001537,0.018304,0.081734,6.232636,0.000144,0.000770,0.062305,0.001537
4,71650,0.000622,0.017662,0.081414,6.285534,0.000137,0.000767,0.062805,0.001533,0.018714,0.081860,6.230657,0.000148,0.000771,0.062285,0.001542
4,73640,0.000603,0.017137,0.081646,6.291767,0.000132,0.000770,0.062868,0.001530,0.018492,0.081794,6.228497,0.000146,0.000771,0.062264,0.001539
4,75631,0.000584,0.017515,0.081299,6.353911,0.000136,0.000766,0.063489,0.001537,0.018471,0.081735,6.234628,0.000146,0.000770,0.062323,0.001539
4,77621,0.000566,0.017257,0.081191,6.366249,0.000133,0.000765,0.063613,0.001535,0.018170,0.081515,6.228180,0.000143,0.000768,0.062259,0.001533
4,79611,0.000548,0.017508,0.081511,6.297217,0.000136,0.000769,0.062922,0.001534,0.018748,0.081540,6.237273,0.000148,0.000768,0.062350,0.001539
4,81602,0.000530,0.017599,0.081263,6.261594,0.000137,0.000766,0.062566,0.001528,0.018529,0.081521,6.218587,0.000146,0.000768,0.062163,0.001536
4,83592,0.000512,0.016968,0.080819,6.188036,0.000131,0.000762,0.061830,0.001511,0.018554,0.081559,6.233389,0.000146,0.000768,0.062312,0.001538
4,85582,0.000495,0.017381,0.081230,6.285317,0.000135,0.000765,0.062803,0.001528,0.018746,0.081502,6.222894,0.000148,0.000768,0.062208,0.001538
4,87572,0.000478,0.017161,0.081142,6.347688,0.000133,0.000765,0.063427,0.001532,0.019142,0.081533,6.215524,0.000151,0.000768,0.062134,0.001540
4,89563,0.000462,0.016515,0.081158,6.312194,0.000126,0.000765,0.063072,0.001522,0.018420,0.081426,6.212496,0.000145,0.000767,0.062103,0.001533
4,91553,0.000445,0.017079,0.080959,6.211763,0.000132,0.000763,0.062068,0.001515,0.018353,0.081493,6.214886,0.000144,0.000768,0.062127,0.001533
4,93543,0.000429,0.017135,0.080947,6.343054,0.000133,0.000763,0.063381,0.001529,0.018145,0.081470,6.219840,0.000143,0.000767,0.062176,0.001532
4,95533,0.000413,0.017203,0.081135,6.346309,0.000133,0.000765,0.063413,0.001532,0.018307,0.081457,6.220114,0.000144,0.000767,0.062179,0.001533
4,97524,0.000398,0.017026,0.081089,6.222266,0.000131,0.000764,0.062173,0.001517,0.018148,0.081272,6.208868,0.000143,0.000765,0.062067,0.001529
4,99514,0.000383,0.017200,0.081124,6.227328,0.000133,0.000764,0.062223,0.001520,0.018106,0.081319,6.208765,0.000142,0.000766,0.062066,0.001529
4,101504,0.000368,0.016815,0.080870,6.245102,0.000129,0.000762,0.062401,0.001516,0.018093,0.081341,6.210200,0.000142,0.000766,0.062080,0.001529
4,103495,0.000353,0.016836,0.080995,6.312971,0.000130,0.000763,0.063080,0.001524,0.018114,0.081278,6.204940,0.000143,0.000765,0.062026,0.001528
4,105485,0.000339,0.017209,0.080855,6.304424,0.000133,0.000762,0.062994,0.001525,0.018141,0.081256,6.212736,0.000143,0.000765,0.062105,0.001529
4,107475,0.000324,0.017270,0.080827,6.332701,0.000134,0.000761,0.063277,0.001528,0.018358,0.081291,6.208137,0.000145,0.000766,0.062059,0.001531
4,109465,0.000311,0.017274,0.081100,6.273183,0.000134,0.000764,0.062682,0.001525,0.018067,0.081247,6.208045,0.000142,0.000765,0.062058,0.001528
4,111456,0.000297,0.016677,0.080760,6.304699,0.000128,0.000761,0.062997,0.001519,0.018171,0.081177,6.211108,0.000143,0.000764,0.062089,0.001528
4,113446,0.000284,0.016864,0.080839,6.346147,0.000130,0.000762,0.063412,0.001526,0.018135,0.081192,6.201029,0.000143,0.000765,0.061988,0.001527
4,115436,0.000271,0.017277,0.081028,6.246612,0.000134,0.000764,0.062416,0.001522,0.018216,0.081210,6.206178,0.000144,0.000765,0.062040,0.001529
4,117426,0.000258,0.017005,0.080695,6.137796,0.000132,0.000760,0.061328,0.001505,0.017933,0.081186,6.196939,0.000141,0.000764,0.061947,0.001525
4,119417,0.000246,0.016982,0.080649,6.172313,0.000131,0.000760,0.061673,0.001508,0.017998,0.081166,6.202664,0.000141,0.000764,0.062005,0.001526
4,121407,0.000234,0.017054,0.080727,6.166401,0.000132,0.000760,0.061614,0.001509,0.017993,0.081075,6.201172,0.000141,0.000763,0.061990,0.001525
4,123397,0.000222,0.017045,0.080687,6.371212,0.000132,0.000760,0.063662,0.001529,0.018056,0.081111,6.200756,0.000142,0.000764,0.061986,0.001526
4,125388,0.000211,0.017232,0.080764,6.188404,0.000134,0.000761,0.061834,0.001513,0.018039,0.081069,6.195213,0.000142,0.000763,0.061930,0.001524
4,127378,0.000200,0.017458,0.080773,6.224736,0.000136,0.000761,0.062197,0.001519,0.017902,0.081020,6.198383,0.000141,0.000763,0.061962,0.001523
4,129368,0.000189,0.016757,0.080722,6.268137,0.000129,0.000760,0.062631,0.001516,0.017983,0.081054,6.195420,0.000141,0.000763,0.061932,0.001524
4,131358,0.000178,0.016847,0.080802,7.512883,0.000130,0.000762,0.075079,0.001643,0.017950,0.081041,6.196071,0.000141,0.000763,0.061939,0.001524
4,133349,0.000168,0.016717,0.080656,6.379663,0.000129,0.000760,0.063747,0.001526,0.017867,0.080961,6.190087,0.000140,0.000762,0.061879,0.001521
4,135339,0.000158,0.016934,0.080748,6.220349,0.000131,0.000760,0.062154,0.001513,0.017997,0.080956,6.189871,0.000142,0.000762,0.061876,0.001523
4,137329,0.000148,0.017027,0.080584,6.262157,0.000132,0.000759,0.062572,0.001517,0.017842,0.080942,6.190141,0.000140,0.000762,0.061879,0.001521
4,139319,0.000139,0.016241,0.080180,6.167849,0.000124,0.000755,0.061629,0.001496,0.017948,0.081009,6.188728,0.000141,0.000763,0.061865,0.001522
4,141310,0.000130,0.016910,0.080569,6.201126,0.000131,0.000759,0.061961,0.001509,0.017852,0.080940,6.190062,0.000140,0.000762,0.061878,0.001521
4,143300,0.000121,0.016623,0.080392,6.124577,0.000128,0.000757,0.061196,0.001497,0.017854,0.081003,6.189491,0.000140,0.000763,0.061873,0.001522
4,145290,0.000113,0.016627,0.080646,6.312141,0.000128,0.000760,0.063072,0.001519,0.017883,0.080964,6.191278,0.000141,0.000762,0.061890,0.001522
4,147280,0.000104,0.017014,0.080602,6.171396,0.000132,0.000759,0.061664,0.001508,0.017851,0.080934,6.190668,0.000140,0.000762,0.061885,0.001521
4,149271,0.000097,0.016699,0.080526,6.381516,0.000129,0.000759,0.063765,0.001525,0.017803,0.080889,6.188789,0.000140,0.000762,0.061866,0.001520
4,151261,0.000089,0.016458,0.080436,6.141799,0.000127,0.000758,0.061368,0.001498,0.017770,0.080903,6.185130,0.000140,0.000762,0.061829,0.001520
4,153251,0.000082,0.016812,0.080592,6.159446,0.000130,0.000760,0.061545,0.001505,0.017765,0.080916,6.185560,0.000140,0.000762,0.061833,0.001520
4,155242,0.000075,0.016839,0.080478,6.254320,0.000130,0.000758,0.062493,0.001513,0.017781,0.080904,6.186930,0.000140,0.000762,0.061847,0.001520
4,157232,0.000068,0.017034,0.080406,6.256158,0.000132,0.000758,0.062512,0.001515,0.017816,0.080891,6.185596,0.000140,0.000762,0.061834,0.001520
4,159222,0.000062,0.017223,0.080887,7.829055,0.000134,0.000762,0.078241,0.001679,0.017781,0.080933,6.189226,0.000140,0.000762,0.061870,0.001520
4,161212,0.000056,0.016922,0.080663,6.705392,0.000131,0.000760,0.067004,0.001561,0.017755,0.080874,6.183931,0.000140,0.000761,0.061817,0.001519
4,163203,0.000050,0.016463,0.080308,6.195066,0.000127,0.000756,0.061901,0.001502,0.017751,0.080858,6.185556,0.000139,0.000761,0.061833,0.001519
4,165193,0.000045,0.016744,0.080336,6.121019,0.000130,0.000757,0.061160,0.001498,0.017777,0.080841,6.184271,0.000140,0.000761,0.061820,0.001519
4,167183,0.000040,0.016238,0.080229,6.223328,0.000124,0.000756,0.062183,0.001502,0.017727,0.080856,6.182934,0.000139,0.000761,0.061807,0.001519
4,169173,0.000035,0.016963,0.080582,6.220972,0.000132,0.000759,0.062160,0.001512,0.017748,0.080852,6.184035,0.000139,0.000761,0.061818,0.001519
4,171164,0.000030,0.016740,0.080396,6.252647,0.000130,0.000757,0.062477,0.001511,0.017746,0.080834,6.183970,0.000139,0.000761,0.061818,0.001519
4,173154,0.000026,0.016801,0.080414,6.162592,0.000130,0.000758,0.061576,0.001503,0.017703,0.080847,6.183175,0.000139,0.000761,0.061810,0.001518
4,175144,0.000022,0.016862,0.080466,6.231073,0.000131,0.000758,0.062261,0.001511,0.017727,0.080849,6.182681,0.000139,0.000761,0.061804,0.001518
4,177135,0.000019,0.016874,0.080457,6.200853,0.000131,0.000758,0.061959,0.001508,0.017719,0.080832,6.182252,0.000139,0.000761,0.061800,0.001518
4,179125,0.000016,0.016784,0.080409,6.089232,0.000130,0.000758,0.060842,0.001496,0.017717,0.080827,6.181433,0.000139,0.000761,0.061792,0.001518
4,181115,0.000013,0.016488,0.080375,6.290482,0.000127,0.000757,0.062855,0.001513,0.017708,0.080821,6.181244,0.000139,0.000761,0.061790,0.001518
4,183105,0.000010,0.016965,0.080618,6.178487,0.000132,0.000760,0.061735,0.001509,0.017685,0.080817,6.181278,0.000139,0.000761,0.061790,0.001518
4,185096,0.000008,0.016531,0.080365,6.223878,0.000128,0.000757,0.062189,0.001507,0.017700,0.080812,6.180933,0.000139,0.000761,0.061787,0.001518
4,187086,0.000006,0.016866,0.080544,6.180670,0.000131,0.000759,0.061757,0.001507,0.017686,0.080813,6.180485,0.000139,0.000761,0.061783,0.001518
4,189076,0.000004,0.016699,0.080666,6.221859,0.000129,0.000760,0.062169,0.001511,0.017688,0.080810,6.180524,0.000139,0.000761,0.061783,0.001518
4,191066,0.000003,0.016374,0.080363,6.236091,0.000126,0.000757,0.062311,0.001506,0.017677,0.080813,6.180284,0.000139,0.000761,0.061781,0.001517
4,193057,0.000001,0.016890,0.080477,6.220232,0.000131,0.000758,0.062152,0.001511,0.017691,0.080806,6.179928,0.000139,0.000761,0.061777,0.001517
4,195047,0.000001,0.016931,0.080533,6.214811,0.000132,0.000758,0.062098,0.001511,0.017685,0.080809,6.180035,0.000139,0.000761,0.061778,0.001517
4,197037,0.000000,0.016337,0.080285,6.194697,0.000126,0.000756,0.061897,0.001501,0.017683,0.080807,6.180083,0.000139,0.000761,0.061779,0.001517
4,199028,0.000000,0.016208,0.080384,6.260460,0.000124,0.000757,0.062548,0.001507,0.017682,0.080808,6.180096,0.000139,0.000761,0.061779,0.001517
