Epoch,Learning_rate,Train_Energy_RMSE (eV/atom),Valid_Energy_RMSE (eV/atom),Train_Force_RMSE (eV/Å),Valid_Force_RMSE (eV/Å),Train_Stress_RMSE (kbar),Valid_Stress_RMSE (kbar),Train_Energy_MAE (eV/atom),Valid_Energy_MAE (eV/atom),Train_Force_MAE (eV/Å),Valid_Force_MAE (eV/Å),Train_Stress_MAE (kbar),Valid_Stress_MAE (kbar),Train_Energy_Loss,Valid_Energy_Loss,Train_Force_Loss,Valid_Force_Loss,Train_Stress_Loss,Valid_Stress_Loss,Train_TotalLoss,Valid_TotalLoss
1,0.004000,0.916871,0.934067,5.582670,7.459986,699.826689,493.538874,0.300625,0.207741,0.247928,0.212556,21.314566,18.837787,0.002957,0.002029,0.002389,0.002057,0.213180,0.188339,0.007477,0.005969
2,0.004000,0.792429,0.869875,5.328169,7.274026,587.304115,414.332097,0.181880,0.168338,0.218119,0.201933,19.356638,16.799548,0.001770,0.001635,0.002114,0.001953,0.193599,0.167980,0.005820,0.005268
3,0.004000,0.657740,0.767673,4.909470,5.234374,431.602152,238.076255,0.146663,0.139175,0.197772,0.179075,16.109930,13.942418,0.001418,0.001343,0.001916,0.001736,0.161110,0.139477,0.004945,0.004474
4,0.004000,0.561102,0.738465,5.783611,5.481354,370.823493,196.982293,0.123050,0.117162,0.177403,0.166854,13.666786,11.646064,0.001182,0.001123,0.001718,0.001605,0.136647,0.116525,0.004266,0.003894
5,0.004000,0.499880,0.725968,3.575647,17.186012,313.289358,172.861172,0.103372,0.096740,0.158823,0.171975,12.036251,10.024462,0.000986,0.000920,0.001530,0.001591,0.120330,0.100307,0.003719,0.003514
6,0.004000,0.470590,0.705235,3.799817,2.803855,309.483208,170.054365,0.091834,0.093792,0.148440,0.138978,11.194946,9.885556,0.000870,0.000890,0.001424,0.001337,0.111913,0.098939,0.003414,0.003216
7,0.004000,0.446626,0.693094,3.703819,2.333227,261.778083,159.783542,0.083003,0.084848,0.140590,0.129658,10.337611,9.106411,0.000782,0.000801,0.001352,0.001239,0.103341,0.091132,0.003168,0.002952
8,0.004000,0.436303,0.713019,2.471673,6.788657,283.098265,181.238273,0.077167,0.080865,0.132864,0.132881,9.992486,9.561591,0.000724,0.000761,0.001270,0.001247,0.099895,0.095687,0.002993,0.002965
9,0.004000,0.435008,0.694608,3.900497,1.510150,256.900998,150.639975,0.072662,0.074722,0.129389,0.121635,9.594368,8.787547,0.000679,0.000700,0.001243,0.001164,0.095911,0.087955,0.002881,0.002743
10,0.004000,0.424228,0.690844,2.422139,4.144152,230.261814,151.398501,0.068602,0.070333,0.124100,0.124894,9.178688,8.589630,0.000639,0.000656,0.001185,0.001181,0.091768,0.085965,0.002742,0.002697
11,0.004000,0.418375,0.688812,2.569809,1.165629,217.744566,148.901915,0.065404,0.068050,0.120570,0.116490,8.791305,8.250118,0.000607,0.000634,0.001152,0.001106,0.087882,0.082580,0.002637,0.002566
12,0.004000,0.418527,0.697042,2.263531,5.065040,207.859057,143.493460,0.062776,0.070752,0.117787,0.121890,8.707657,8.189295,0.000581,0.000661,0.001123,0.001146,0.087039,0.081974,0.002574,0.002627
13,0.004000,0.416208,0.692856,2.642707,2.433804,239.384876,162.612200,0.060994,0.065872,0.115669,0.113449,8.561738,8.053261,0.000563,0.000612,0.001104,0.001075,0.085579,0.080605,0.002523,0.002493
14,0.004000,0.412218,0.701750,2.258583,4.798275,212.034239,161.016913,0.058597,0.064073,0.112370,0.116971,8.331956,8.302972,0.000539,0.000595,0.001071,0.001097,0.083286,0.083101,0.002443,0.002522
15,0.004000,0.416693,0.692040,2.655502,1.598882,203.067092,137.447763,0.057053,0.067814,0.112190,0.106739,8.110071,7.786418,0.000524,0.000631,0.001069,0.001015,0.081072,0.077941,0.002403,0.002426
16,0.004000,0.411173,0.689314,2.444086,0.648918,212.660605,145.810173,0.055128,0.061667,0.108625,0.104156,8.034429,7.807704,0.000505,0.000570,0.001034,0.000995,0.080306,0.078155,0.002341,0.002346
17,0.004000,0.416170,0.689717,2.068743,3.161724,185.531908,135.487359,0.054274,0.061639,0.106476,0.112382,7.842402,7.368735,0.000496,0.000570,0.001011,0.001062,0.078394,0.073769,0.002291,0.002369
18,0.004000,0.413240,0.687888,2.563033,0.792959,211.770626,138.839839,0.053154,0.063037,0.106867,0.101847,7.902883,7.290127,0.000485,0.000584,0.001017,0.000975,0.078989,0.072986,0.002292,0.002288
19,0.004000,0.409543,0.695468,2.444623,1.027830,195.044897,156.779590,0.051785,0.060746,0.104322,0.098654,7.684642,7.584629,0.000472,0.000561,0.000990,0.000935,0.076809,0.075919,0.002229,0.002256
20,0.004000,0.404693,0.691015,2.095610,2.844062,210.786723,150.543179,0.050690,0.062713,0.101894,0.102518,7.660797,7.521555,0.000461,0.000581,0.000966,0.000965,0.076566,0.075290,0.002192,0.002298
21,0.004000,0.408077,0.688215,2.263674,1.384764,185.890345,157.239734,0.050008,0.060410,0.101597,0.105467,7.469890,7.634738,0.000454,0.000558,0.000963,0.001004,0.074671,0.076427,0.002164,0.002326
22,0.004000,0.407932,0.694645,2.479509,4.322744,209.866984,154.630174,0.049493,0.058813,0.101121,0.103264,7.464859,7.188107,0.000449,0.000542,0.000958,0.000968,0.074611,0.071954,0.002153,0.002230
23,0.004000,0.406374,0.696414,2.375573,4.137739,191.342746,140.950672,0.048565,0.060075,0.099179,0.107278,7.362047,8.248167,0.000440,0.000555,0.000939,0.001004,0.073584,0.082552,0.002114,0.002385
24,0.004000,0.407408,0.689083,2.149172,3.748932,195.200139,129.863432,0.047920,0.055307,0.099273,0.103180,7.329841,7.400705,0.000433,0.000507,0.000939,0.000970,0.073258,0.074079,0.002105,0.002218
25,0.004000,0.403632,0.691156,2.105419,2.746226,180.211471,150.957901,0.046853,0.062461,0.097104,0.101637,7.145392,7.254327,0.000423,0.000578,0.000918,0.000954,0.071419,0.072617,0.002055,0.002258
26,0.004000,0.403135,0.693251,2.095789,4.423171,178.131387,134.661327,0.046555,0.059345,0.096317,0.104035,7.115511,7.460182,0.000420,0.000547,0.000909,0.000971,0.071119,0.074681,0.002040,0.002265
27,0.004000,0.406548,0.686086,2.117880,1.972966,193.567994,134.775654,0.046404,0.057425,0.096212,0.096463,7.114194,7.021288,0.000418,0.000528,0.000910,0.000912,0.071103,0.070297,0.002039,0.002143
28,0.004000,0.405433,0.687983,2.150338,0.942260,194.278899,131.239907,0.045576,0.055522,0.095405,0.092659,7.056799,6.937847,0.000410,0.000509,0.000902,0.000876,0.070538,0.069453,0.002018,0.002079
29,0.004000,0.399338,0.688949,2.152358,4.639881,176.674926,133.841461,0.044510,0.053900,0.094250,0.098245,6.933833,6.860744,0.000400,0.000494,0.000891,0.000916,0.069298,0.068687,0.001983,0.002096
30,0.004000,0.406448,0.693888,2.113331,3.396694,172.270195,156.228200,0.044928,0.054425,0.093724,0.099590,6.930236,7.164748,0.000404,0.000499,0.000886,0.000930,0.069265,0.071718,0.001982,0.002146
31,0.004000,0.402239,0.688466,2.055870,3.804776,163.858419,127.867392,0.043761,0.053845,0.092545,0.098611,6.718329,6.811629,0.000392,0.000493,0.000874,0.000919,0.067142,0.068190,0.001938,0.002094
32,0.004000,0.408899,0.685724,2.250130,2.858624,224.449516,133.482461,0.044033,0.052592,0.093232,0.096330,7.012813,6.705762,0.000395,0.000480,0.000881,0.000904,0.070097,0.067142,0.001977,0.002056
33,0.004000,0.401925,0.683219,2.051227,1.202135,185.738597,131.787197,0.043064,0.052010,0.091273,0.094190,6.814649,6.731511,0.000385,0.000475,0.000862,0.000894,0.068110,0.067398,0.001928,0.002042
34,0.004000,0.401776,0.691639,1.896961,4.861646,197.205726,135.628928,0.042666,0.054530,0.089339,0.098120,6.727107,6.662099,0.000381,0.000500,0.000842,0.000914,0.067236,0.066700,0.001896,0.002081
35,0.004000,0.401163,0.685169,2.012469,2.720511,201.025292,138.747936,0.042571,0.051662,0.089804,0.092527,6.773781,6.780199,0.000381,0.000471,0.000845,0.000868,0.067704,0.067877,0.001902,0.002018
36,0.004000,0.401619,0.684866,2.225648,0.635744,177.139615,132.403255,0.042187,0.050303,0.090002,0.088412,6.687356,6.678350,0.000377,0.000458,0.000850,0.000838,0.066833,0.066861,0.001895,0.001965
37,0.004000,0.400032,0.686061,2.094675,0.677572,169.777633,141.508170,0.041588,0.050645,0.088990,0.090211,6.605183,6.906127,0.000371,0.000462,0.000839,0.000856,0.066015,0.069139,0.001870,0.002009
38,0.004000,0.400479,0.683169,2.045187,0.640250,177.836763,144.267420,0.041099,0.050309,0.087744,0.087225,6.516788,6.754716,0.000366,0.000458,0.000827,0.000829,0.065131,0.067626,0.001845,0.001963
39,0.004000,0.401038,0.684276,2.102153,0.904609,168.816189,151.804686,0.041017,0.048165,0.087710,0.088532,6.496765,6.809966,0.000365,0.000437,0.000827,0.000838,0.064929,0.068179,0.001841,0.001957
40,0.004000,0.399273,0.683053,1.925282,1.254776,171.824681,132.128590,0.040631,0.049888,0.086060,0.089927,6.473517,6.694162,0.000361,0.000454,0.000810,0.000853,0.064700,0.067023,0.001818,0.001977
41,0.004000,0.399815,0.687755,2.043037,4.015488,181.795896,146.127573,0.040358,0.051166,0.086521,0.095582,6.421493,6.759687,0.000359,0.000466,0.000814,0.000894,0.064184,0.067680,0.001815,0.002036
42,0.004000,0.400543,0.685178,1.980442,1.583568,190.602906,137.078783,0.040432,0.051277,0.086517,0.088377,6.528474,6.700922,0.000359,0.000468,0.000814,0.000836,0.065244,0.067088,0.001826,0.001975
43,0.004000,0.399728,0.687350,1.864968,3.439668,164.998974,153.279804,0.039806,0.049460,0.085579,0.092404,6.376584,6.751602,0.000353,0.000449,0.000804,0.000867,0.063725,0.067588,0.001795,0.001992
44,0.004000,0.399318,0.684984,2.165651,1.711211,170.189213,147.701988,0.039753,0.048284,0.085750,0.089375,6.374705,6.922176,0.000353,0.000438,0.000807,0.000840,0.063708,0.069298,0.001797,0.001971
45,0.004000,0.398716,0.683134,1.930956,0.964351,166.565318,146.992299,0.039209,0.049349,0.084003,0.089895,6.284113,6.919802,0.000347,0.000449,0.000790,0.000851,0.062807,0.069275,0.001765,0.001993
46,0.004000,0.399852,0.684270,1.949970,2.398150,186.551341,148.921289,0.039338,0.048587,0.084669,0.088462,6.421196,6.702966,0.000349,0.000441,0.000795,0.000827,0.064175,0.067109,0.001785,0.001939
47,0.004000,0.398128,0.684530,1.869881,2.338284,153.734509,137.127448,0.038472,0.046048,0.082703,0.090320,6.132784,6.634405,0.000340,0.000416,0.000777,0.000849,0.061292,0.066426,0.001730,0.001929
48,0.004000,0.397401,0.687264,2.109557,1.240134,166.674554,155.509374,0.038438,0.047993,0.084102,0.084535,6.232314,6.803514,0.000340,0.000435,0.000792,0.000798,0.062297,0.068114,0.001755,0.001914
49,0.004000,0.399611,0.681761,1.924211,1.025266,166.361973,142.260708,0.038737,0.046656,0.083546,0.085244,6.270340,6.576068,0.000343,0.000422,0.000785,0.000808,0.062663,0.065837,0.001754,0.001889
50,0.004000,0.397316,0.684706,1.854995,2.320708,174.230007,151.743968,0.037944,0.048144,0.081559,0.088359,6.189718,6.798839,0.000335,0.000437,0.000766,0.000827,0.061858,0.068069,0.001719,0.001945
51,0.004000,0.398814,0.681373,2.079249,1.414751,161.851137,142.486779,0.037761,0.048456,0.081945,0.087770,6.110877,6.662679,0.000333,0.000439,0.000771,0.000830,0.061070,0.066710,0.001715,0.001936
52,0.004000,0.396680,0.684757,1.888429,1.086966,165.351640,159.865840,0.037677,0.045464,0.081337,0.085760,6.147321,6.557936,0.000332,0.000410,0.000763,0.000809,0.061436,0.065656,0.001710,0.001876
53,0.004000,0.399370,0.686158,2.030222,2.915689,176.299998,152.149852,0.037581,0.047163,0.081795,0.086903,6.118111,6.800193,0.000331,0.000427,0.000768,0.000812,0.061140,0.068083,0.001711,0.001920
54,0.004000,0.403077,0.682431,1.932411,1.021176,170.331566,146.831406,0.037790,0.047245,0.081345,0.084454,6.165984,6.581887,0.000334,0.000428,0.000764,0.000797,0.061621,0.065892,0.001713,0.001884
55,0.004000,0.398093,0.684827,1.927240,1.318070,170.808757,145.876578,0.037287,0.046853,0.080647,0.083405,6.134285,6.579892,0.000329,0.000424,0.000755,0.000786,0.061303,0.065876,0.001697,0.001868
56,0.004000,0.398116,0.682937,1.928141,1.098209,163.650941,154.190313,0.037095,0.046262,0.080048,0.084250,6.061455,6.589230,0.000327,0.000418,0.000751,0.000795,0.060574,0.065973,0.001683,0.001873
57,0.004000,0.398070,0.684609,1.894061,4.135003,174.467981,144.980930,0.036875,0.047691,0.079765,0.090090,6.025069,6.927907,0.000324,0.000432,0.000747,0.000836,0.060214,0.069357,0.001674,0.001962
58,0.004000,0.401981,0.682528,1.955367,0.972062,158.951999,146.381878,0.036627,0.048346,0.079936,0.083907,6.002705,6.613771,0.000322,0.000439,0.000749,0.000795,0.059995,0.066214,0.001671,0.001896
59,0.004000,0.395817,0.685377,1.818389,4.555833,163.953135,147.374721,0.036609,0.046328,0.079314,0.088249,6.006017,6.593441,0.000322,0.000419,0.000743,0.000816,0.060023,0.066008,0.001665,0.001896
60,0.004000,0.398947,0.688752,1.847657,2.895470,166.364323,158.385815,0.036572,0.045713,0.078854,0.088841,5.938986,6.550721,0.000322,0.000413,0.000738,0.000826,0.059355,0.065589,0.001653,0.001895
61,0.004000,0.395822,0.682269,1.975545,0.477637,161.328970,134.704257,0.035804,0.045278,0.079029,0.077990,5.900740,6.344204,0.000314,0.000409,0.000740,0.000735,0.058970,0.063520,0.001643,0.001779
62,0.004000,0.397592,0.683278,1.866095,1.308137,155.871084,146.310130,0.035744,0.045107,0.077715,0.082902,5.818171,6.465362,0.000313,0.000407,0.000728,0.000778,0.058151,0.064738,0.001623,0.001832
63,0.004000,0.396291,0.681930,1.890034,0.541005,169.295208,138.575172,0.035745,0.046095,0.077460,0.079099,5.931215,6.485199,0.000313,0.000417,0.000725,0.000746,0.059271,0.064933,0.001631,0.001813
64,0.004000,0.396193,0.682996,1.890166,0.672634,164.472057,154.133015,0.035477,0.044685,0.077072,0.082144,5.843779,6.846141,0.000311,0.000403,0.000722,0.000776,0.058401,0.068537,0.001617,0.001864
65,0.004000,0.395348,0.683642,1.938108,3.631853,155.214660,144.400098,0.035404,0.045113,0.077270,0.085341,5.797266,6.414391,0.000310,0.000407,0.000722,0.000792,0.057935,0.064233,0.001612,0.001841
66,0.004000,0.396918,0.682826,1.949156,2.463994,161.029512,145.082976,0.035428,0.045009,0.077745,0.081932,5.869945,6.318150,0.000310,0.000406,0.000726,0.000764,0.058661,0.063263,0.001623,0.001802
67,0.004000,0.396505,0.683783,1.778790,2.844212,159.166306,160.904428,0.035251,0.044979,0.076239,0.088533,5.782666,6.947352,0.000309,0.000406,0.000711,0.000824,0.057790,0.069557,0.001598,0.001926
68,0.004000,0.396828,0.682352,1.942709,1.161869,170.881415,140.592213,0.035096,0.044607,0.076488,0.082880,5.838479,6.380177,0.000307,0.000402,0.000716,0.000781,0.058351,0.063886,0.001607,0.001822
69,0.004000,0.395285,0.680668,1.928066,0.701081,159.802070,152.674376,0.034574,0.044896,0.075280,0.079761,5.745693,6.490949,0.000302,0.000405,0.000704,0.000750,0.057416,0.064998,0.001580,0.001805
70,0.004000,0.396022,0.681523,1.871181,2.955595,165.840795,134.283980,0.034746,0.043325,0.075405,0.083397,5.788222,6.612107,0.000304,0.000390,0.000705,0.000776,0.057844,0.066203,0.001587,0.001828
71,0.004000,0.394914,0.686265,1.864637,3.451989,155.755828,152.892219,0.034467,0.043859,0.074896,0.083403,5.693017,6.491076,0.000301,0.000395,0.000699,0.000774,0.056896,0.064989,0.001569,0.001819
72,0.004000,0.395067,0.681355,1.932178,1.126002,159.141082,140.434541,0.034542,0.044154,0.075810,0.077802,5.762489,6.283080,0.000302,0.000397,0.000708,0.000729,0.057584,0.062910,0.001586,0.001755
73,0.004000,0.394264,0.682699,1.870177,2.264383,157.951678,156.416449,0.034273,0.048313,0.074726,0.085388,5.679312,7.085411,0.000299,0.000438,0.000697,0.000799,0.056760,0.070934,0.001564,0.001947
74,0.004000,0.394562,0.682729,1.823266,0.948153,159.392810,145.005363,0.034228,0.043912,0.074126,0.078936,5.690843,6.366348,0.000299,0.000395,0.000691,0.000745,0.056870,0.063747,0.001559,0.001778
75,0.004000,0.396057,0.683543,1.948189,1.130769,157.795003,151.111165,0.034247,0.042863,0.074913,0.079163,5.655022,6.566190,0.000299,0.000385,0.000699,0.000743,0.056514,0.065750,0.001563,0.001786
76,0.004000,0.395246,0.682934,1.869484,1.100538,155.880816,138.021281,0.034157,0.045178,0.074471,0.080924,5.664161,6.698451,0.000298,0.000408,0.000695,0.000765,0.056613,0.067066,0.001559,0.001844
77,0.004000,0.398642,0.682997,1.886620,0.663999,169.677871,157.987557,0.034137,0.043458,0.074305,0.080440,5.684064,6.809086,0.000298,0.000391,0.000694,0.000761,0.056805,0.068175,0.001560,0.001834
78,0.004000,0.394984,0.679790,1.984255,2.198123,158.293339,135.203223,0.033690,0.043292,0.074136,0.080938,5.641118,6.607115,0.000293,0.000389,0.000693,0.000755,0.056374,0.066160,0.001550,0.001806
79,0.004000,0.395501,0.686775,1.822928,3.172650,168.757828,169.996843,0.033713,0.043395,0.073787,0.083008,5.689731,6.760042,0.000294,0.000391,0.000688,0.000770,0.056859,0.067677,0.001550,0.001838
80,0.004000,0.396296,0.679953,1.941323,0.823759,162.537143,145.112510,0.033848,0.043021,0.074143,0.078643,5.643723,6.367122,0.000295,0.000386,0.000692,0.000740,0.056398,0.063751,0.001551,0.001764
81,0.004000,0.395632,0.682676,1.970188,2.633384,153.347401,153.054666,0.033529,0.043131,0.073099,0.080296,5.566682,6.324751,0.000292,0.000388,0.000682,0.000746,0.055630,0.063331,0.001530,0.001768
82,0.004000,0.394196,0.682213,1.846105,0.482685,166.240408,133.754887,0.033306,0.043145,0.072941,0.077100,5.627532,6.307983,0.000290,0.000387,0.000679,0.000726,0.056239,0.063168,0.001531,0.001745
83,0.004000,0.394914,0.681622,1.761725,0.707801,163.420797,136.857155,0.033191,0.042765,0.072202,0.077962,5.559102,6.161036,0.000288,0.000384,0.000672,0.000731,0.055552,0.061697,0.001516,0.001732
84,0.004000,0.393839,0.681617,1.821849,2.971621,161.623906,131.607568,0.033139,0.042558,0.072337,0.083544,5.559568,6.307812,0.000288,0.000383,0.000673,0.000777,0.055556,0.063168,0.001516,0.001792
85,0.004000,0.397709,0.680523,1.915135,0.688998,161.484079,145.874138,0.033278,0.043987,0.072935,0.080053,5.590600,6.544813,0.000289,0.000395,0.000681,0.000755,0.055865,0.065535,0.001529,0.001806
86,0.004000,0.394647,0.682219,1.794878,1.084145,158.241780,152.141410,0.032938,0.043277,0.071886,0.079132,5.529199,6.479178,0.000286,0.000389,0.000670,0.000741,0.055253,0.064877,0.001508,0.001779
87,0.004000,0.395166,0.679574,1.876926,0.855118,156.957524,140.473839,0.032946,0.042310,0.071836,0.079428,5.464817,6.517982,0.000286,0.000380,0.000670,0.000750,0.054608,0.065262,0.001502,0.001783
88,0.004000,0.393451,0.680058,1.831306,1.610700,163.319695,154.047416,0.032747,0.041614,0.072210,0.077749,5.553310,6.601391,0.000284,0.000373,0.000673,0.000726,0.055496,0.066094,0.001512,0.001760
89,0.004000,0.393192,0.682658,1.855284,1.640010,151.997557,156.934409,0.032582,0.042465,0.071882,0.081652,5.483215,6.342790,0.000283,0.000382,0.000669,0.000768,0.054794,0.063515,0.001499,0.001785
90,0.004000,0.394242,0.681147,1.751192,1.159488,164.139855,136.072320,0.032312,0.042250,0.070826,0.075472,5.475971,6.295731,0.000280,0.000379,0.000658,0.000706,0.054721,0.063047,0.001485,0.001716
91,0.004000,0.393487,0.681310,1.890163,0.836031,149.332388,153.896954,0.032177,0.043192,0.071061,0.077670,5.390635,6.532067,0.000279,0.000389,0.000662,0.000735,0.053869,0.065406,0.001479,0.001778
92,0.004000,0.392469,0.679249,1.807577,0.985600,156.809805,159.599291,0.032208,0.042758,0.070807,0.078255,5.474631,7.047158,0.000279,0.000384,0.000659,0.000733,0.054707,0.070547,0.001485,0.001823
93,0.004000,0.393424,0.681719,1.757665,0.447397,154.567611,139.215825,0.032117,0.042156,0.070482,0.076132,5.434379,6.269528,0.000278,0.000378,0.000655,0.000718,0.054305,0.062788,0.001476,0.001724
94,0.004000,0.395715,0.682743,1.837160,0.479142,165.631976,149.497996,0.032139,0.043510,0.070629,0.077003,5.451870,6.399391,0.000278,0.000391,0.000657,0.000726,0.054477,0.064081,0.001480,0.001758
95,0.004000,0.394458,0.681573,1.802724,2.968107,153.715098,147.221576,0.032284,0.044380,0.070722,0.082825,5.421313,6.662667,0.000280,0.000400,0.000657,0.000775,0.054182,0.066709,0.001478,0.001842
96,0.004000,0.395168,0.680959,1.912819,3.148481,162.531297,151.605693,0.032269,0.041371,0.071461,0.080207,5.480731,6.530556,0.000280,0.000371,0.000664,0.000744,0.054768,0.065390,0.001492,0.001769
97,0.004000,0.393378,0.680391,1.769265,0.391550,154.638335,137.916018,0.031916,0.041614,0.070277,0.075363,5.379356,6.329734,0.000276,0.000373,0.000654,0.000709,0.053755,0.063382,0.001467,0.001716
98,0.004000,0.396718,0.681507,1.791084,1.043491,155.713114,152.066347,0.032361,0.042329,0.070479,0.078049,5.419753,6.294519,0.000280,0.000380,0.000655,0.000734,0.054158,0.063028,0.001477,0.001744
99,0.004000,0.393996,0.680086,1.889337,0.994320,156.653154,141.185755,0.031786,0.041443,0.069977,0.076202,5.373481,6.297795,0.000275,0.000372,0.000651,0.000715,0.053696,0.063069,0.001462,0.001718
100,0.004000,0.393612,0.680184,1.877875,1.281341,147.536133,143.659005,0.031465,0.040175,0.069296,0.076729,5.286423,6.127815,0.000272,0.000359,0.000644,0.000718,0.052823,0.061366,0.001444,0.001691
101,0.004000,0.392754,0.680226,1.803893,0.947085,165.926872,145.824636,0.031484,0.041477,0.069359,0.076061,5.363144,6.288872,0.000272,0.000372,0.000644,0.000712,0.053591,0.062973,0.001452,0.001714
102,0.004000,0.393057,0.679277,1.769704,0.682467,153.565790,148.022030,0.031484,0.042370,0.069316,0.076269,5.315168,6.636405,0.000272,0.000380,0.000643,0.000716,0.053112,0.066450,0.001446,0.001761
103,0.004000,0.393956,0.681743,1.834959,2.663922,167.016324,157.096570,0.031466,0.041444,0.069259,0.079647,5.390046,6.312368,0.000272,0.000372,0.000643,0.000742,0.053862,0.063206,0.001454,0.001746
104,0.004000,0.393560,0.680236,1.867623,2.315697,153.922716,133.037313,0.031612,0.041249,0.069695,0.077584,5.336814,6.088275,0.000273,0.000370,0.000648,0.000721,0.053328,0.060970,0.001454,0.001700
105,0.004000,0.393947,0.680033,1.830089,0.468072,154.694637,157.272526,0.031290,0.042606,0.068800,0.077049,5.311907,7.277680,0.000270,0.000382,0.000639,0.000726,0.053081,0.072860,0.001440,0.001837
106,0.004000,0.393087,0.681416,1.825264,2.540809,153.750424,146.997201,0.031368,0.044568,0.068839,0.078386,5.323587,6.295828,0.000271,0.000402,0.000639,0.000728,0.053197,0.063041,0.001442,0.001761
107,0.004000,0.392119,0.683499,1.797282,2.845990,152.656066,144.187272,0.031113,0.042327,0.068758,0.078851,5.253450,6.559290,0.000268,0.000380,0.000638,0.000730,0.052500,0.065674,0.001431,0.001767
108,0.004000,0.394546,0.682085,1.790991,1.069604,157.374658,152.165784,0.031374,0.042376,0.068878,0.075594,5.337373,6.349691,0.000271,0.000381,0.000639,0.000710,0.053337,0.063578,0.001443,0.001726
109,0.004000,0.393065,0.682422,1.842160,0.641609,153.323637,151.915212,0.031147,0.041939,0.068645,0.074725,5.277075,6.381179,0.000269,0.000376,0.000638,0.000701,0.052737,0.063901,0.001434,0.001716
110,0.004000,0.392542,0.682285,1.792578,0.797601,159.496563,150.265330,0.030858,0.042409,0.068418,0.074016,5.308238,6.241373,0.000266,0.000381,0.000635,0.000693,0.053046,0.062498,0.001431,0.001699
111,0.004000,0.391988,0.680743,1.766462,0.613632,151.067511,161.585616,0.030921,0.042574,0.067926,0.074542,5.223712,6.444726,0.000266,0.000382,0.000630,0.000700,0.052200,0.064533,0.001419,0.001727
112,0.004000,0.392291,0.681653,1.733986,0.986445,154.645524,151.704737,0.030959,0.041973,0.068055,0.075036,5.300950,6.431986,0.000267,0.000377,0.000632,0.000704,0.052970,0.064403,0.001428,0.001724
113,0.004000,0.392986,0.680971,1.766581,0.517064,156.409419,159.803068,0.030867,0.042031,0.068093,0.074827,5.267030,6.490123,0.000266,0.000377,0.000632,0.000706,0.052632,0.064982,0.001424,0.001734
114,0.004000,0.393950,0.681582,1.880873,0.904119,153.332735,144.951969,0.030922,0.040389,0.068185,0.074100,5.248935,6.413699,0.000266,0.000361,0.000633,0.000693,0.052456,0.064219,0.001424,0.001696
115,0.004000,0.392612,0.678231,1.850009,1.446415,152.157393,151.366619,0.030628,0.041243,0.067458,0.076307,5.195621,6.405611,0.000264,0.000370,0.000626,0.000713,0.051919,0.064138,0.001409,0.001724
116,0.004000,0.392027,0.680907,1.803932,0.430892,154.808627,145.065831,0.030490,0.040617,0.067744,0.071933,5.242183,6.360890,0.000262,0.000363,0.000628,0.000674,0.052388,0.063699,0.001414,0.001675
117,0.004000,0.391688,0.682262,1.766709,0.866020,162.446770,161.157028,0.030279,0.041772,0.067387,0.075391,5.232102,6.384034,0.000260,0.000375,0.000625,0.000711,0.052281,0.063923,0.001408,0.001725
118,0.004000,0.392540,0.682050,1.840188,2.636426,158.075475,144.290321,0.030618,0.043025,0.067342,0.077880,5.214516,6.199631,0.000263,0.000386,0.000624,0.000722,0.052104,0.062084,0.001408,0.001729
119,0.004000,0.392342,0.680629,1.753073,0.838481,156.874210,153.544471,0.030543,0.041126,0.067087,0.074614,5.228824,6.555499,0.000263,0.000368,0.000621,0.000697,0.052250,0.065642,0.001406,0.001722
120,0.004000,0.392757,0.680005,1.854869,1.800949,151.876144,151.385577,0.030629,0.040904,0.067549,0.076455,5.202168,6.412055,0.000263,0.000367,0.000626,0.000712,0.051986,0.064200,0.001409,0.001720
121,0.004000,0.392275,0.678824,1.771619,0.721249,154.154899,132.501120,0.030314,0.040198,0.066752,0.074783,5.156567,6.139588,0.000260,0.000359,0.000619,0.000701,0.051530,0.061483,0.001394,0.001675
122,0.004000,0.391780,0.680124,1.743289,2.056401,152.764662,154.557686,0.030209,0.043031,0.066650,0.076488,5.200225,6.479075,0.000259,0.000386,0.000617,0.000711,0.051965,0.064877,0.001396,0.001746
123,0.004000,0.392515,0.682655,1.778146,0.861099,151.022461,145.449506,0.030158,0.042036,0.066551,0.073386,5.173436,6.281487,0.000259,0.000378,0.000616,0.000685,0.051693,0.062901,0.001392,0.001692
124,0.004000,0.391142,0.680927,1.780845,0.977684,149.546445,150.133728,0.030181,0.041217,0.067099,0.073787,5.166419,6.179144,0.000259,0.000370,0.000622,0.000697,0.051630,0.061871,0.001397,0.001685
125,0.004000,0.392630,0.680996,1.720473,0.444718,160.654464,147.800841,0.029951,0.040869,0.065864,0.073090,5.122405,6.270843,0.000257,0.000366,0.000609,0.000687,0.051187,0.062797,0.001378,0.001681
126,0.004000,0.391299,0.679096,1.786595,1.011310,154.523813,150.765887,0.029804,0.041346,0.066398,0.076439,5.146022,6.269118,0.000255,0.000370,0.000614,0.000719,0.051423,0.062770,0.001384,0.001717
127,0.004000,0.392926,0.679401,1.803578,2.739873,152.290927,148.538496,0.030290,0.041029,0.066357,0.076354,5.181609,6.279161,0.000260,0.000367,0.000615,0.000707,0.051774,0.062875,0.001393,0.001703
128,0.004000,0.393452,0.680425,1.814545,0.690934,159.134149,146.315143,0.030361,0.041190,0.067374,0.073971,5.202069,6.373822,0.000261,0.000369,0.000625,0.000692,0.051982,0.063827,0.001405,0.001699
129,0.004000,0.392054,0.681837,1.773528,3.409086,149.592117,159.354982,0.029830,0.041355,0.066198,0.079115,5.073903,6.473847,0.000256,0.000370,0.000612,0.000729,0.050697,0.064821,0.001375,0.001748
130,0.004000,0.392284,0.680759,1.761005,2.593760,155.171205,158.935781,0.030077,0.041549,0.066415,0.077009,5.162962,6.340416,0.000258,0.000372,0.000615,0.000715,0.051596,0.063483,0.001389,0.001723
131,0.004000,0.391804,0.679581,1.762557,2.032396,160.698822,146.868760,0.029835,0.041535,0.065901,0.075912,5.108567,6.280511,0.000256,0.000372,0.000610,0.000707,0.051047,0.062888,0.001376,0.001708
132,0.004000,0.390927,0.680703,1.723666,0.852974,150.891587,153.002310,0.029840,0.041847,0.065747,0.073554,5.098466,6.416443,0.000256,0.000375,0.000608,0.000687,0.050946,0.064245,0.001373,0.001705
133,0.004000,0.394427,0.681282,1.879936,0.767274,159.060556,152.001765,0.030367,0.040966,0.067065,0.073319,5.203606,6.166887,0.000261,0.000367,0.000622,0.000687,0.051995,0.061764,0.001403,0.001671
134,0.004000,0.391553,0.680633,1.748064,0.620066,151.967389,157.693609,0.029659,0.042449,0.065545,0.072952,5.120387,6.672762,0.000254,0.000381,0.000607,0.000683,0.051171,0.066804,0.001373,0.001732
135,0.004000,0.392486,0.679159,1.779317,0.434135,151.974255,145.710852,0.029691,0.039512,0.065783,0.071554,5.102772,6.242202,0.000254,0.000353,0.000609,0.000671,0.050989,0.062509,0.001374,0.001649
136,0.004000,0.391210,0.678732,1.833312,1.423539,148.454213,156.320860,0.029603,0.039155,0.065413,0.074256,5.084211,6.198504,0.000254,0.000349,0.000606,0.000693,0.050802,0.062074,0.001368,0.001663
137,0.004000,0.391366,0.680839,1.729682,3.012633,153.737437,153.029042,0.029741,0.042174,0.065319,0.076308,5.098490,6.409350,0.000255,0.000379,0.000604,0.000705,0.050950,0.064172,0.001368,0.001726
138,0.004000,0.392224,0.681691,1.806494,2.782405,150.109564,166.555893,0.029624,0.042490,0.065838,0.077852,5.082520,6.466523,0.000254,0.000381,0.000609,0.000721,0.050785,0.064748,0.001371,0.001749
139,0.004000,0.391494,0.680949,1.732563,2.420403,147.706553,147.639225,0.029363,0.039883,0.064758,0.077127,5.026933,6.380506,0.000251,0.000356,0.000598,0.000714,0.050234,0.063890,0.001351,0.001709
140,0.004000,0.391784,0.679727,1.814566,0.453321,161.528153,156.948727,0.029491,0.040810,0.064961,0.071567,5.137853,6.172946,0.000252,0.000365,0.000602,0.000670,0.051338,0.061815,0.001367,0.001653
141,0.004000,0.391348,0.680791,1.790036,2.724971,148.257567,155.204267,0.029197,0.040493,0.064848,0.075809,5.010881,6.524502,0.000250,0.000362,0.000599,0.000701,0.050068,0.065320,0.001349,0.001716
142,0.004000,0.392622,0.681341,1.806588,2.360006,156.393475,165.569931,0.029529,0.039886,0.065188,0.076479,5.088898,6.852224,0.000253,0.000357,0.000603,0.000709,0.050851,0.068598,0.001364,0.001752
143,0.004000,0.392083,0.680527,1.828088,2.293605,152.498556,148.716290,0.029259,0.040044,0.065027,0.073987,5.042653,6.209765,0.000250,0.000358,0.000601,0.000684,0.050387,0.062185,0.001356,0.001664
144,0.004000,0.391207,0.679102,1.723747,0.736436,155.009515,165.094754,0.029196,0.039344,0.064550,0.072336,5.076607,6.544634,0.000250,0.000351,0.000597,0.000677,0.050726,0.065527,0.001354,0.001683
145,0.004000,0.390442,0.681716,1.724405,2.999175,151.292727,154.980320,0.029210,0.040251,0.064400,0.076900,5.040520,6.309642,0.000250,0.000360,0.000595,0.000709,0.050367,0.063182,0.001348,0.001701
146,0.004000,0.391385,0.681803,1.752615,1.935215,155.090807,159.186711,0.029107,0.040564,0.064342,0.075637,5.017987,6.348343,0.000249,0.000363,0.000594,0.000704,0.050139,0.063564,0.001344,0.001702
147,0.004000,0.391704,0.678517,1.758069,1.675466,153.676520,151.207378,0.029229,0.039691,0.064237,0.074002,5.050318,6.137221,0.000250,0.000355,0.000594,0.000689,0.050467,0.061456,0.001348,0.001658
148,0.004000,0.390465,0.680556,1.785033,1.934207,148.995591,150.570154,0.028873,0.040283,0.064441,0.074786,4.982422,6.308952,0.000246,0.000360,0.000596,0.000695,0.049783,0.063176,0.001340,0.001687
149,0.004000,0.390307,0.679981,1.701132,2.793208,149.643936,164.795025,0.028800,0.041516,0.063626,0.077004,4.970477,6.507993,0.000246,0.000372,0.000588,0.000714,0.049662,0.065160,0.001330,0.001738
150,0.004000,0.390851,0.681260,1.752102,0.943725,149.365747,153.428734,0.029022,0.040587,0.064092,0.072334,4.980852,6.290350,0.000248,0.000363,0.000592,0.000675,0.049769,0.062989,0.001338,0.001668
151,0.004000,0.391245,0.678764,1.863778,0.590613,151.430471,157.976003,0.029007,0.041089,0.064324,0.072211,5.006413,6.695288,0.000248,0.000368,0.000595,0.000678,0.050032,0.067026,0.001343,0.001716
152,0.004000,0.391313,0.679861,1.738687,2.459708,152.054836,150.627863,0.028994,0.040834,0.064038,0.075146,5.037726,6.434602,0.000248,0.000366,0.000591,0.000696,0.050338,0.064430,0.001342,0.001706
153,0.004000,0.390966,0.678243,1.737331,2.122162,149.197227,149.361560,0.028806,0.039941,0.063833,0.078393,4.964449,6.919163,0.000246,0.000357,0.000589,0.000727,0.049607,0.069270,0.001331,0.001777
154,0.004000,0.391148,0.679515,1.826964,1.392532,149.631419,153.267812,0.029195,0.038735,0.064720,0.072424,5.007343,6.332610,0.000250,0.000345,0.000599,0.000672,0.050038,0.063408,0.001349,0.001652
155,0.004000,0.391677,0.678996,1.753522,0.708543,156.012183,144.914967,0.028951,0.040558,0.063664,0.072030,4.978946,6.160224,0.000247,0.000363,0.000588,0.000674,0.049753,0.061695,0.001333,0.001654
156,0.004000,0.390066,0.679095,1.763910,0.584342,143.596466,158.051412,0.028498,0.039641,0.063356,0.072239,4.918645,6.389591,0.000243,0.000354,0.000585,0.000680,0.049143,0.063972,0.001320,0.001674
157,0.004000,0.390771,0.682717,1.711558,3.309461,151.246567,169.875754,0.028669,0.041340,0.063367,0.077660,4.997938,6.570782,0.000245,0.000370,0.000585,0.000717,0.049940,0.065788,0.001329,0.001745
158,0.004000,0.390303,0.680991,1.804988,2.423003,145.929906,161.754820,0.028589,0.039473,0.063680,0.075428,4.936630,6.422264,0.000244,0.000352,0.000588,0.000697,0.049326,0.064307,0.001325,0.001692
159,0.004000,0.390329,0.681308,1.697814,1.909116,155.037552,169.549559,0.028612,0.039861,0.063176,0.075107,4.996146,6.377564,0.000244,0.000356,0.000582,0.000698,0.049922,0.063858,0.001326,0.001693
160,0.004000,0.390220,0.680186,1.788932,2.089965,150.758180,154.912477,0.028601,0.039546,0.063755,0.074830,4.951588,6.487041,0.000244,0.000353,0.000588,0.000692,0.049476,0.064952,0.001327,0.001695
161,0.004000,0.391129,0.679210,1.784519,2.152090,150.250012,150.291364,0.028690,0.040948,0.063374,0.074373,4.951550,6.183274,0.000245,0.000366,0.000586,0.000689,0.049480,0.061917,0.001325,0.001674
162,0.004000,0.390852,0.679557,1.750821,0.771554,146.956080,163.261582,0.028388,0.039419,0.063029,0.072192,4.917888,6.477654,0.000242,0.000352,0.000582,0.000675,0.049139,0.064850,0.001315,0.001676
163,0.004000,0.391860,0.679991,1.803100,0.951382,152.873281,149.908842,0.028759,0.039706,0.063608,0.072333,5.023678,6.179199,0.000246,0.000354,0.000588,0.000674,0.050201,0.061878,0.001335,0.001647
164,0.004000,0.390704,0.678887,1.701213,2.200235,170.840562,144.525848,0.028522,0.039683,0.062971,0.073714,4.969607,6.057212,0.000243,0.000355,0.000581,0.000683,0.049657,0.060662,0.001320,0.001645
165,0.004000,0.389977,0.681996,1.725201,1.320557,150.284826,161.973119,0.028139,0.039752,0.063011,0.072519,4.947523,6.387412,0.000239,0.000355,0.000582,0.000676,0.049439,0.063954,0.001316,0.001671
166,0.004000,0.390642,0.679451,1.750180,0.393732,205.183770,140.413080,0.028777,0.040005,0.063514,0.070332,5.018994,6.083925,0.000246,0.000357,0.000586,0.000657,0.050149,0.060935,0.001334,0.001624
167,0.004000,0.392349,0.680878,1.738294,2.983391,148.094760,156.031502,0.028619,0.039919,0.063295,0.076566,4.949544,6.348580,0.000244,0.000357,0.000584,0.000706,0.049456,0.063568,0.001323,0.001699
168,0.004000,0.391093,0.680297,1.764815,0.702119,151.647243,146.740044,0.028313,0.040847,0.062811,0.072025,4.901967,6.237184,0.000241,0.000365,0.000579,0.000674,0.048980,0.062462,0.001310,0.001663
169,0.004000,0.389319,0.681140,1.771618,3.626272,147.923563,147.802639,0.028127,0.039457,0.062749,0.075796,4.887556,6.199218,0.000239,0.000352,0.000579,0.000697,0.048837,0.062082,0.001307,0.001670
170,0.004000,0.390683,0.679263,1.758036,0.518049,148.964835,156.473003,0.028192,0.041162,0.062672,0.073460,4.913250,6.360939,0.000240,0.000368,0.000578,0.000690,0.049094,0.063694,0.001309,0.001695
171,0.004000,0.389648,0.679797,1.806701,2.960242,146.292601,147.470241,0.028198,0.039376,0.062495,0.075903,4.881107,6.442631,0.000240,0.000352,0.000577,0.000700,0.048774,0.064512,0.001305,0.001696
172,0.004000,0.391331,0.679549,1.776996,2.527640,152.693041,153.000084,0.028477,0.038905,0.063357,0.073492,4.983200,6.121346,0.000243,0.000347,0.000585,0.000680,0.049793,0.061302,0.001325,0.001641
173,0.004000,0.390427,0.679562,1.777748,2.333589,150.347349,144.419433,0.028188,0.038736,0.062623,0.074276,4.926016,6.235749,0.000240,0.000346,0.000579,0.000686,0.049219,0.062447,0.001311,0.001656
174,0.004000,0.392071,0.678803,1.734449,0.534496,150.893404,163.536491,0.028526,0.041461,0.062620,0.072558,4.928435,6.379953,0.000243,0.000371,0.000577,0.000681,0.049249,0.063888,0.001313,0.001691
175,0.004000,0.390198,0.679438,1.807336,0.644957,146.672673,142.623401,0.028099,0.039031,0.062740,0.069847,4.869003,6.052992,0.000239,0.000348,0.000579,0.000651,0.048652,0.060621,0.001305,0.001605
176,0.004000,0.389761,0.677368,1.782141,1.057235,144.578093,145.972793,0.028207,0.040161,0.062510,0.072229,4.864982,6.254124,0.000240,0.000358,0.000577,0.000674,0.048616,0.062626,0.001303,0.001659
177,0.004000,0.389640,0.678610,1.781898,0.480189,152.253163,149.023111,0.027970,0.039757,0.061916,0.069429,4.877964,6.283307,0.000238,0.000355,0.000571,0.000649,0.048743,0.062916,0.001296,0.001634
178,0.004000,0.390462,0.679835,1.740959,2.904996,148.703506,156.911655,0.028027,0.039993,0.062444,0.076040,4.889173,6.450097,0.000238,0.000357,0.000575,0.000701,0.048855,0.064586,0.001302,0.001704
179,0.004000,0.389999,0.679114,1.720090,1.942811,145.761047,148.969144,0.027790,0.039295,0.061613,0.071786,4.826058,6.205908,0.000236,0.000351,0.000567,0.000664,0.048219,0.062141,0.001286,0.001636
180,0.004000,0.389409,0.677614,1.793417,1.310680,146.954636,155.367680,0.027829,0.038774,0.062379,0.073050,4.859073,6.304313,0.000236,0.000346,0.000575,0.000681,0.048550,0.063127,0.001297,0.001658
181,0.004000,0.389525,0.679762,1.698101,0.870228,149.037323,152.260777,0.027841,0.039396,0.061713,0.073105,4.863123,6.128632,0.000237,0.000352,0.000569,0.000682,0.048593,0.061372,0.001291,0.001648
182,0.004000,0.389666,0.681006,1.703267,2.273594,146.762202,150.986365,0.027688,0.039206,0.062089,0.073173,4.862308,6.133464,0.000235,0.000350,0.000571,0.000676,0.048585,0.061418,0.001292,0.001640
183,0.004000,0.390053,0.679470,1.736630,2.542897,152.226957,154.644677,0.027723,0.038810,0.061378,0.073920,4.840846,6.289818,0.000236,0.000346,0.000565,0.000684,0.048367,0.062983,0.001284,0.001660
184,0.004000,0.390005,0.678068,1.764846,2.029874,142.458574,143.949008,0.027560,0.038737,0.061416,0.072728,4.782765,6.050803,0.000234,0.000345,0.000566,0.000672,0.047791,0.060596,0.001278,0.001623
185,0.004000,0.389158,0.678434,1.706114,2.440843,144.858164,159.043655,0.027521,0.040695,0.061573,0.076935,4.811533,6.460010,0.000233,0.000363,0.000566,0.000713,0.048079,0.064685,0.001281,0.001723
186,0.004000,0.389541,0.677872,1.750053,2.160303,151.996894,153.422355,0.027511,0.039141,0.061646,0.073285,4.818534,6.218158,0.000233,0.000350,0.000568,0.000679,0.048150,0.062261,0.001283,0.001652
187,0.004000,0.389123,0.680399,1.698536,2.451493,143.800788,152.982412,0.027395,0.038939,0.061053,0.073746,4.783539,6.155610,0.000232,0.000347,0.000561,0.000681,0.047797,0.061646,0.001271,0.001645
188,0.004000,0.390215,0.677635,1.750852,1.343260,142.862692,151.982156,0.027875,0.039812,0.061845,0.072838,4.800393,6.273103,0.000237,0.000356,0.000571,0.000677,0.047965,0.062811,0.001287,0.001661
189,0.004000,0.390027,0.681598,1.814575,1.624709,149.248214,160.914920,0.027678,0.039823,0.061717,0.072737,4.870064,6.338140,0.000235,0.000356,0.000569,0.000675,0.048661,0.063465,0.001290,0.001666
190,0.004000,0.390034,0.678393,1.734736,1.829598,145.328124,156.601100,0.027485,0.039801,0.061232,0.074075,4.798355,6.338084,0.000233,0.000356,0.000564,0.000689,0.047951,0.063461,0.001276,0.001679
191,0.004000,0.389555,0.679466,1.743947,2.019369,145.824570,150.194615,0.027357,0.038774,0.060965,0.074170,4.778794,6.323116,0.000232,0.000346,0.000561,0.000687,0.047748,0.063310,0.001271,0.001666
192,0.004000,0.389408,0.679699,1.718026,1.095422,143.008354,155.760267,0.027412,0.040282,0.060987,0.073284,4.783165,6.386172,0.000232,0.000360,0.000562,0.000686,0.047798,0.063946,0.001272,0.001685
193,0.004000,0.388619,0.679264,1.797990,1.130126,145.024176,159.331258,0.027376,0.038705,0.061435,0.071471,4.785157,6.202316,0.000232,0.000345,0.000566,0.000667,0.047813,0.062115,0.001276,0.001633
194,0.004000,0.390343,0.680639,1.719537,0.883373,148.764101,150.238584,0.027668,0.038855,0.061195,0.069905,4.864657,6.215528,0.000235,0.000347,0.000563,0.000650,0.048604,0.062239,0.001284,0.001619
195,0.004000,0.388813,0.678530,1.759217,2.281560,150.229666,158.323069,0.027131,0.039293,0.060855,0.075711,4.770861,6.394996,0.000230,0.000351,0.000560,0.000701,0.047673,0.064026,0.001266,0.001692
196,0.004000,0.390055,0.678163,1.775193,0.500674,147.875280,151.803592,0.027665,0.038115,0.061642,0.068826,4.808257,6.151209,0.000235,0.000340,0.000568,0.000644,0.048042,0.061597,0.001283,0.001600
197,0.004000,0.390124,0.678318,1.794339,1.315696,152.194962,155.187187,0.027193,0.039615,0.060877,0.072053,4.794038,6.292259,0.000230,0.000353,0.000560,0.000670,0.047899,0.063007,0.001270,0.001654
198,0.004000,0.389212,0.678535,1.742405,2.088571,143.313522,154.378448,0.027114,0.038845,0.060786,0.072647,4.740772,6.199719,0.000230,0.000346,0.000559,0.000671,0.047367,0.062076,0.001263,0.001638
199,0.004000,0.389776,0.679286,1.676822,1.888332,152.259851,163.478416,0.027097,0.039370,0.060623,0.072514,4.790001,6.314075,0.000229,0.000351,0.000557,0.000673,0.047862,0.063221,0.001265,0.001656
200,0.004000,0.391182,0.680172,1.767615,1.158752,145.955996,147.349166,0.027228,0.039429,0.060616,0.070821,4.771597,6.232885,0.000231,0.000352,0.000557,0.000659,0.047674,0.062412,0.001265,0.001635
201,0.004000,0.388576,0.679691,1.701918,2.271649,149.422452,155.659535,0.027036,0.039582,0.060408,0.073895,4.769627,6.201746,0.000229,0.000353,0.000555,0.000684,0.047656,0.062104,0.001260,0.001658
202,0.004000,0.389337,0.679711,1.751307,2.012777,143.895178,151.242227,0.027383,0.038418,0.061167,0.073038,4.779284,6.218576,0.000232,0.000342,0.000563,0.000676,0.047756,0.062271,0.001273,0.001641
203,0.004000,0.389273,0.678927,1.703007,1.744819,150.521986,162.068134,0.026997,0.040001,0.060482,0.074096,4.794155,6.324971,0.000229,0.000357,0.000556,0.000690,0.047909,0.063330,0.001263,0.001680
204,0.004000,0.388314,0.678792,1.755508,2.748354,145.309916,149.213686,0.026936,0.039621,0.060102,0.074240,4.722451,6.145502,0.000228,0.000353,0.000553,0.000683,0.047184,0.061541,0.001253,0.001652
205,0.004000,0.388742,0.679399,1.717362,2.049355,145.992716,161.341290,0.026894,0.039083,0.060391,0.074158,4.759388,6.268201,0.000227,0.000348,0.000555,0.000689,0.047559,0.062765,0.001258,0.001665
206,0.004000,0.388668,0.678605,1.741178,1.504335,141.647559,157.108465,0.026836,0.038182,0.059864,0.071689,4.694542,6.239368,0.000227,0.000340,0.000551,0.000664,0.046904,0.062481,0.001246,0.001629
207,0.004000,0.389213,0.678741,1.722384,2.047976,149.135304,144.926493,0.026952,0.037818,0.060125,0.072890,4.752347,6.271839,0.000228,0.000337,0.000552,0.000674,0.047482,0.062801,0.001255,0.001638
208,0.004000,0.388868,0.678132,1.722868,1.674720,141.388243,148.835400,0.026808,0.038722,0.059845,0.072764,4.675776,6.241795,0.000227,0.000345,0.000550,0.000678,0.046721,0.062505,0.001244,0.001649
209,0.004000,0.389120,0.679478,1.746282,2.308933,159.974529,151.740409,0.026906,0.038752,0.060359,0.072177,4.803280,6.217762,0.000228,0.000345,0.000555,0.000666,0.047995,0.062263,0.001262,0.001634
210,0.004000,0.388602,0.678904,1.692509,1.956861,141.050124,158.243693,0.026599,0.040188,0.059461,0.073571,4.636944,6.329562,0.000225,0.000359,0.000547,0.000684,0.046333,0.063376,0.001235,0.001677
211,0.004000,0.388644,0.678012,1.780730,0.979736,145.554781,143.434093,0.026973,0.038100,0.060701,0.072117,4.741630,6.105607,0.000228,0.000339,0.000559,0.000672,0.047377,0.061143,0.001261,0.001622
212,0.004000,0.392090,0.678784,1.818828,1.672376,157.632692,159.400549,0.027264,0.038283,0.060622,0.072265,4.774889,6.269174,0.000231,0.000341,0.000558,0.000672,0.047708,0.062777,0.001267,0.001640
213,0.004000,0.389068,0.678033,1.797356,0.736949,146.643171,151.872021,0.026926,0.039083,0.060474,0.069495,4.726962,6.182275,0.000228,0.000349,0.000557,0.000650,0.047230,0.061906,0.001257,0.001617
214,0.004000,0.390131,0.680105,1.751862,1.216877,147.698576,154.513508,0.027053,0.038740,0.060579,0.070175,4.763644,6.173462,0.000229,0.000345,0.000557,0.000652,0.047599,0.061820,0.001262,0.001616
215,0.004000,0.388827,0.679925,1.715757,2.665000,144.021841,147.851899,0.026954,0.039847,0.060360,0.074106,4.735878,6.187534,0.000228,0.000356,0.000555,0.000684,0.047318,0.061953,0.001256,0.001659
216,0.004000,0.389202,0.678531,1.795604,1.959318,146.775909,158.148799,0.026805,0.037693,0.060053,0.072393,4.730237,6.254492,0.000227,0.000336,0.000552,0.000673,0.047263,0.062625,0.001251,0.001634
217,0.004000,0.388634,0.679701,1.712663,1.371564,141.817757,147.375807,0.026672,0.038706,0.059881,0.072477,4.721985,6.156123,0.000225,0.000345,0.000550,0.000676,0.047183,0.061648,0.001248,0.001637
218,0.004000,0.388618,0.679558,1.708060,2.225622,148.042817,164.406972,0.026730,0.039745,0.059790,0.073589,4.758765,6.420503,0.000226,0.000355,0.000550,0.000681,0.047548,0.064281,0.001251,0.001678
219,0.004000,0.388560,0.679052,1.726613,0.653602,144.776283,157.989304,0.026670,0.042026,0.059942,0.072352,4.706100,6.573796,0.000225,0.000376,0.000551,0.000678,0.047024,0.065816,0.001247,0.001713
220,0.004000,0.388375,0.679768,1.715708,0.779802,143.918547,160.651336,0.026589,0.039308,0.059721,0.070366,4.702262,6.354730,0.000225,0.000351,0.000549,0.000658,0.046985,0.063632,0.001243,0.001646
221,0.004000,0.388794,0.678794,1.765456,1.405764,144.551649,155.884671,0.026578,0.038288,0.059712,0.070463,4.713526,6.303608,0.000224,0.000341,0.000549,0.000653,0.047096,0.063117,0.001244,0.001625
222,0.004000,0.389736,0.678176,1.765373,1.971944,147.809174,160.508185,0.026644,0.038163,0.059645,0.071969,4.724574,6.323189,0.000225,0.000339,0.000549,0.000666,0.047205,0.063314,0.001246,0.001639
223,0.004000,0.388742,0.678118,1.743204,1.012357,143.080640,155.123625,0.026505,0.039984,0.059431,0.070195,4.667443,6.344391,0.000224,0.000357,0.000546,0.000654,0.046634,0.063524,0.001236,0.001646
224,0.004000,0.388587,0.676804,1.716921,0.527129,144.608304,146.359037,0.026514,0.037614,0.058946,0.069543,4.668099,6.109771,0.000224,0.000334,0.000541,0.000650,0.046639,0.061189,0.001232,0.001596
225,0.004000,0.388965,0.680899,1.684151,3.001512,147.728682,157.477848,0.026403,0.038406,0.058939,0.073466,4.714884,6.412543,0.000223,0.000343,0.000541,0.000677,0.047110,0.064206,0.001235,0.001661
226,0.004000,0.388612,0.678726,1.728114,2.505049,143.757130,157.675815,0.026350,0.038710,0.059478,0.073948,4.681703,6.261750,0.000222,0.000344,0.000546,0.000684,0.046776,0.062698,0.001236,0.001655
227,0.004000,0.389101,0.679761,1.683755,2.735186,144.112664,157.471995,0.026656,0.038600,0.059423,0.075604,4.693397,6.316043,0.000225,0.000344,0.000546,0.000700,0.046897,0.063242,0.001240,0.001676
228,0.004000,0.389650,0.678432,1.808224,0.433566,151.712346,147.953513,0.026602,0.040232,0.059739,0.069626,4.719188,6.190250,0.000225,0.000359,0.000549,0.000652,0.047155,0.061983,0.001245,0.001631
229,0.004000,0.388059,0.679471,1.705407,0.903230,140.715243,160.648823,0.026146,0.038112,0.058973,0.069965,4.614506,6.317621,0.000220,0.000339,0.000541,0.000651,0.046106,0.063265,0.001222,0.001622
230,0.004000,0.389462,0.679431,1.718005,2.641217,149.592035,165.782554,0.026502,0.038483,0.059312,0.075423,4.687936,6.515080,0.000224,0.000342,0.000545,0.000697,0.046842,0.065230,0.001237,0.001692
231,0.004000,0.388993,0.677167,1.757725,1.103506,145.088783,150.602583,0.026368,0.037420,0.059395,0.071125,4.677882,6.350123,0.000222,0.000332,0.000545,0.000663,0.046738,0.063575,0.001235,0.001631
232,0.004000,0.388615,0.679520,1.711404,0.792586,143.708945,154.082104,0.026293,0.038994,0.058942,0.068945,4.641188,6.092043,0.000222,0.000348,0.000541,0.000645,0.046372,0.061009,0.001226,0.001603
233,0.004000,0.389204,0.677991,1.820623,1.803707,145.461713,164.370649,0.026301,0.038514,0.059000,0.071413,4.671800,6.303242,0.000222,0.000342,0.000542,0.000661,0.046677,0.063111,0.001231,0.001635
234,0.004000,0.388837,0.679541,1.681184,2.059958,145.202956,155.388352,0.026162,0.038941,0.058680,0.072228,4.631811,6.173158,0.000220,0.000347,0.000538,0.000667,0.046278,0.061815,0.001221,0.001633
235,0.004000,0.388712,0.678431,1.755556,1.633886,142.445888,158.962876,0.026330,0.038426,0.059260,0.071631,4.662492,6.285768,0.000222,0.000342,0.000544,0.000665,0.046591,0.062937,0.001232,0.001636
236,0.004000,0.389487,0.678489,1.741533,1.962668,144.941672,148.671723,0.026393,0.038499,0.059017,0.072393,4.641486,6.218404,0.000223,0.000343,0.000541,0.000670,0.046374,0.062270,0.001228,0.001635
237,0.004000,0.388835,0.678407,1.739275,1.473662,146.003594,161.778868,0.026486,0.038540,0.059193,0.071510,4.669255,6.250847,0.000224,0.000343,0.000544,0.000665,0.046656,0.062592,0.001234,0.001635
238,0.004000,0.389154,0.679556,1.704525,1.571663,146.875445,166.419653,0.026271,0.037910,0.058400,0.070574,4.653138,6.244204,0.000222,0.000337,0.000536,0.000656,0.046492,0.062523,0.001222,0.001618
239,0.004000,0.388351,0.679447,1.731418,1.868423,145.618732,162.153775,0.026222,0.038534,0.058901,0.070912,4.644764,6.302513,0.000221,0.000344,0.000541,0.000657,0.046412,0.063109,0.001226,0.001632
240,0.004000,0.387779,0.677941,1.711639,1.823879,140.692614,156.135970,0.026049,0.039964,0.058484,0.071675,4.573017,6.293462,0.000219,0.000356,0.000537,0.000663,0.045690,0.063014,0.001213,0.001649
241,0.004000,0.388844,0.677940,1.776284,1.022901,145.813818,159.192575,0.026387,0.037685,0.059303,0.069474,4.666907,6.161532,0.000223,0.000335,0.000545,0.000646,0.046630,0.061698,0.001234,0.001598
242,0.004000,0.388555,0.677496,1.726613,1.356708,143.205732,161.015538,0.026183,0.038859,0.058966,0.070582,4.659559,6.334018,0.000221,0.000346,0.000541,0.000656,0.046558,0.063419,0.001228,0.001637
243,0.004000,0.389868,0.679852,1.718409,0.724558,147.769618,157.316692,0.026462,0.038186,0.059199,0.069002,4.681477,6.275133,0.000223,0.000341,0.000543,0.000642,0.046776,0.062836,0.001234,0.001611
244,0.004000,0.388657,0.679088,1.771640,2.343811,146.876167,156.368275,0.026176,0.039771,0.058793,0.074091,4.602747,6.365380,0.000221,0.000354,0.000540,0.000688,0.045991,0.063735,0.001221,0.001680
245,0.004000,0.388319,0.679194,1.688453,3.043529,144.510059,152.608204,0.026064,0.037995,0.058731,0.073780,4.648364,6.103407,0.000220,0.000338,0.000539,0.000680,0.046445,0.061117,0.001223,0.001629
246,0.004000,0.388073,0.678763,1.708385,0.533264,141.863507,157.978391,0.026025,0.039216,0.058472,0.068365,4.599949,6.138828,0.000219,0.000350,0.000536,0.000640,0.045962,0.061472,0.001215,0.001605
247,0.004000,0.388303,0.679251,1.718590,0.861480,146.207600,152.833655,0.026043,0.037953,0.058549,0.068932,4.627247,6.176819,0.000219,0.000338,0.000537,0.000643,0.046235,0.061848,0.001219,0.001599
248,0.004000,0.387748,0.677280,1.741159,0.907767,144.165723,154.425406,0.025970,0.038414,0.058595,0.071081,4.618737,6.422448,0.000219,0.000342,0.000538,0.000665,0.046151,0.064302,0.001218,0.001650
249,0.004000,0.388428,0.678873,1.744089,2.095222,150.081925,147.406737,0.026240,0.037932,0.058733,0.071202,4.670459,6.036818,0.000221,0.000337,0.000539,0.000659,0.046665,0.060455,0.001227,0.001601
250,0.004000,0.389901,0.679647,1.713715,2.234603,143.122127,161.950957,0.026098,0.037800,0.058635,0.073030,4.623561,6.241599,0.000220,0.000337,0.000537,0.000677,0.046195,0.062501,0.001219,0.001639
251,0.004000,0.388644,0.677761,1.748688,1.555844,145.233543,150.748496,0.025823,0.040164,0.058226,0.071162,4.598633,6.278541,0.000217,0.000358,0.000535,0.000660,0.045946,0.062866,0.001211,0.001647
252,0.004000,0.387716,0.678327,1.714459,1.215575,139.879068,160.406325,0.025662,0.038027,0.057859,0.069652,4.534995,6.155004,0.000216,0.000338,0.000530,0.000647,0.045310,0.061637,0.001199,0.001601
253,0.004000,0.387931,0.677818,1.717036,2.092800,145.330611,154.931276,0.025772,0.037981,0.058473,0.072001,4.637055,6.384424,0.000217,0.000339,0.000537,0.000669,0.046331,0.063919,0.001217,0.001647
254,0.004000,0.388302,0.678736,1.664888,1.279913,144.588045,158.202580,0.025837,0.037591,0.057714,0.069563,4.576005,6.092396,0.000217,0.000334,0.000529,0.000646,0.045720,0.061010,0.001203,0.001591
255,0.004000,0.388045,0.678780,1.704514,2.142167,144.859346,169.380382,0.025953,0.039281,0.058328,0.073778,4.640889,6.760083,0.000219,0.000351,0.000535,0.000684,0.046374,0.067675,0.001218,0.001711
256,0.004000,0.388286,0.678649,1.714288,1.914655,141.114940,157.757404,0.025734,0.037849,0.058097,0.072541,4.567448,6.196857,0.000216,0.000336,0.000533,0.000672,0.045635,0.062052,0.001206,0.001629
257,0.004000,0.388349,0.677885,1.708654,2.442834,142.791516,156.951810,0.025626,0.038695,0.057746,0.073738,4.567830,6.550446,0.000215,0.000345,0.000529,0.000683,0.045641,0.065583,0.001201,0.001683
258,0.004000,0.387857,0.678365,1.722846,2.221315,144.557562,158.977386,0.025723,0.037862,0.058131,0.071811,4.564072,6.246365,0.000216,0.000337,0.000533,0.000663,0.045600,0.062544,0.001205,0.001625
259,0.004000,0.388563,0.677845,1.725251,1.563140,143.491698,160.497056,0.025985,0.038471,0.058044,0.071780,4.599544,6.309542,0.000219,0.000342,0.000533,0.000667,0.045955,0.063175,0.001211,0.001641
260,0.004000,0.388890,0.680805,1.706555,1.918477,143.507349,158.468641,0.025851,0.038022,0.057975,0.072195,4.591766,6.323418,0.000218,0.000338,0.000531,0.000669,0.045883,0.063316,0.001208,0.001640
261,0.004000,0.387622,0.679318,1.669733,2.072992,144.476921,167.082807,0.025723,0.038873,0.057857,0.072358,4.584316,6.368433,0.000216,0.000347,0.000530,0.000671,0.045806,0.063765,0.001204,0.001655
262,0.004000,0.388363,0.679187,1.706297,2.074321,143.211669,157.465142,0.025679,0.037788,0.057666,0.072353,4.578219,6.499321,0.000216,0.000336,0.000529,0.000671,0.045742,0.065075,0.001202,0.001658
263,0.004000,0.388496,0.678793,1.692174,1.502351,143.691159,162.827414,0.025575,0.038324,0.057643,0.071388,4.518289,6.332361,0.000215,0.000342,0.000527,0.000664,0.045143,0.063404,0.001194,0.001640
264,0.004000,0.387939,0.678519,1.692476,2.281365,142.022344,158.736772,0.025492,0.040106,0.057769,0.073837,4.543133,6.573165,0.000214,0.000358,0.000529,0.000685,0.045391,0.065808,0.001197,0.001701
265,0.004000,0.387655,0.679268,1.727386,1.243872,141.116615,160.990492,0.025536,0.037671,0.057515,0.071444,4.546804,6.630676,0.000215,0.000335,0.000527,0.000664,0.045435,0.066385,0.001196,0.001663
266,0.004000,0.388208,0.679583,1.713193,1.572821,143.901903,162.198020,0.025609,0.039239,0.057723,0.070450,4.571766,6.346066,0.000215,0.000350,0.000529,0.000654,0.045679,0.063545,0.001201,0.001639
267,0.004000,0.388375,0.678692,1.751435,1.492584,141.896443,165.432807,0.025638,0.037975,0.057783,0.070621,4.514595,6.330152,0.000216,0.000338,0.000530,0.000657,0.045111,0.063381,0.001196,0.001628
268,0.004000,0.388562,0.680261,1.687388,0.836896,142.980624,162.085414,0.025653,0.038523,0.057444,0.068781,4.577931,6.273574,0.000216,0.000343,0.000526,0.000642,0.045745,0.062814,0.001199,0.001614
269,0.004000,0.388118,0.679216,1.716005,0.484692,144.977384,160.308625,0.025597,0.038278,0.057678,0.067923,4.570776,6.414251,0.000215,0.000341,0.000529,0.000634,0.045669,0.064220,0.001200,0.001617
270,0.004000,0.387768,0.678171,1.735640,1.632930,139.200046,154.223963,0.025535,0.040247,0.057491,0.071266,4.505403,6.139471,0.000214,0.000359,0.000526,0.000662,0.045016,0.061478,0.001191,0.001636
271,0.004000,0.388425,0.678881,1.747231,1.516431,142.547905,168.186226,0.025650,0.038268,0.057534,0.072038,4.552124,6.635660,0.000216,0.000340,0.000527,0.000669,0.045483,0.066436,0.001198,0.001673
272,0.004000,0.387877,0.679153,1.749053,1.649087,144.131145,158.640047,0.025615,0.040234,0.057917,0.071495,4.564983,6.214791,0.000215,0.000358,0.000531,0.000665,0.045608,0.062226,0.001202,0.001645
273,0.004000,0.389165,0.679676,1.710821,1.876879,145.462723,161.384248,0.025915,0.037902,0.057469,0.070614,4.580435,6.335537,0.000218,0.000337,0.000526,0.000654,0.045763,0.063435,0.001202,0.001626
274,0.004000,0.388815,0.679041,1.742095,1.630451,145.151858,158.174526,0.025768,0.040070,0.058009,0.070323,4.596759,6.291097,0.000217,0.000358,0.000532,0.000652,0.045927,0.062991,0.001208,0.001640
275,0.004000,0.388456,0.678475,1.695265,1.750007,141.720010,148.993214,0.025360,0.037493,0.057317,0.070372,4.494656,6.481646,0.000213,0.000334,0.000525,0.000652,0.044906,0.064896,0.001187,0.001634
276,0.004000,0.387958,0.679243,1.721281,0.795763,145.001508,166.421603,0.025593,0.039607,0.057353,0.070813,4.545135,6.542728,0.000215,0.000353,0.000526,0.000662,0.045413,0.065501,0.001195,0.001670
277,0.004000,0.387563,0.679029,1.699747,1.813695,143.714703,153.927238,0.025382,0.038102,0.057431,0.071864,4.550707,6.394600,0.000213,0.000338,0.000526,0.000666,0.045468,0.064023,0.001194,0.001645
278,0.004000,0.387455,0.678686,1.728738,0.895870,142.257603,171.792970,0.025441,0.038068,0.057223,0.069725,4.517774,6.558643,0.000214,0.000339,0.000524,0.000651,0.045140,0.065658,0.001189,0.001646
279,0.004000,0.387638,0.678987,1.725845,2.097795,142.848726,149.911933,0.025186,0.037390,0.057102,0.070597,4.521302,6.173685,0.000211,0.000332,0.000523,0.000652,0.045175,0.061821,0.001186,0.001603
280,0.004000,0.387577,0.677973,1.701658,1.572912,142.879069,161.657840,0.025399,0.037978,0.057092,0.070685,4.527346,6.235765,0.000213,0.000338,0.000523,0.000658,0.045237,0.062437,0.001188,0.001620
281,0.004000,0.387266,0.677976,1.674911,1.905101,141.989816,157.453224,0.025366,0.039724,0.057041,0.071770,4.526587,6.324767,0.000213,0.000354,0.000522,0.000665,0.045226,0.063323,0.001187,0.001652
282,0.004000,0.387641,0.679938,1.740676,1.305555,147.425355,160.298710,0.025646,0.038178,0.057333,0.070174,4.569305,6.359302,0.000216,0.000339,0.000525,0.000652,0.045654,0.063676,0.001197,0.001628
283,0.004000,0.387854,0.678654,1.734743,1.419378,141.455951,159.138224,0.025445,0.038135,0.057254,0.072265,4.537166,6.405302,0.000214,0.000339,0.000525,0.000672,0.045334,0.064135,0.001192,0.001653
284,0.004000,0.389012,0.679658,1.694301,1.665759,143.915208,163.109959,0.025789,0.038043,0.057502,0.071011,4.536457,6.436952,0.000217,0.000339,0.000526,0.000659,0.045325,0.064447,0.001196,0.001642
285,0.004000,0.387752,0.677807,1.739562,1.532089,140.635313,156.893317,0.025302,0.038533,0.057293,0.070113,4.481733,6.240929,0.000212,0.000343,0.000525,0.000651,0.044779,0.062489,0.001185,0.001619
286,0.004000,0.388210,0.678345,1.689150,0.833333,146.706751,160.313720,0.025500,0.038153,0.057135,0.068973,4.553623,6.289236,0.000214,0.000340,0.000523,0.000644,0.045495,0.062971,0.001192,0.001613
287,0.004000,0.387653,0.678682,1.715607,0.528184,142.087991,153.547788,0.025295,0.037934,0.057205,0.068166,4.487137,6.124164,0.000212,0.000337,0.000524,0.000637,0.044833,0.061324,0.001184,0.001587
288,0.004000,0.387055,0.678765,1.679630,2.675583,142.504065,154.546013,0.025301,0.038714,0.056615,0.073014,4.519609,6.124749,0.000212,0.000345,0.000518,0.000676,0.045158,0.061327,0.001181,0.001634
289,0.004000,0.387194,0.679295,1.698085,0.377093,144.194081,163.382636,0.025221,0.037540,0.056657,0.069479,4.505493,6.233118,0.000211,0.000334,0.000518,0.000649,0.045017,0.062419,0.001180,0.001607
290,0.004000,0.387332,0.677454,1.683103,2.363018,141.393720,154.274176,0.025130,0.038393,0.056337,0.072096,4.474527,6.252589,0.000211,0.000342,0.000515,0.000667,0.044710,0.062603,0.001173,0.001635
291,0.004000,0.388274,0.678790,1.686723,1.998837,143.920979,168.915450,0.025597,0.037486,0.057140,0.072181,4.560108,6.376814,0.000215,0.000334,0.000523,0.000670,0.045562,0.063849,0.001194,0.001642
292,0.004000,0.387439,0.677973,1.710754,1.955818,142.664250,156.816118,0.025052,0.039711,0.056470,0.071889,4.503229,6.307199,0.000210,0.000354,0.000516,0.000668,0.044997,0.063150,0.001176,0.001653
293,0.004000,0.387887,0.680021,1.699297,2.148587,140.567932,162.165919,0.025153,0.038703,0.056495,0.070827,4.448280,6.194004,0.000211,0.000345,0.000517,0.000654,0.044443,0.062018,0.001173,0.001620
294,0.004000,0.387301,0.679420,1.709585,0.973168,138.800567,159.894343,0.025072,0.038554,0.056717,0.068005,4.459288,6.281993,0.000210,0.000343,0.000519,0.000633,0.044559,0.062899,0.001175,0.001605
295,0.004000,0.388222,0.677844,1.704139,0.461407,142.180822,152.685500,0.025465,0.037295,0.056809,0.067719,4.500838,6.265593,0.000214,0.000331,0.000520,0.000633,0.044970,0.062733,0.001184,0.001592
296,0.004000,0.387547,0.678613,1.702840,0.859853,145.408335,157.425291,0.025433,0.038164,0.056852,0.070063,4.487222,6.461957,0.000214,0.000340,0.000520,0.000652,0.044833,0.064699,0.001182,0.001639
297,0.004000,0.387729,0.677594,1.703419,0.774722,142.967422,167.956396,0.025555,0.038633,0.057303,0.070191,4.520749,6.401384,0.000215,0.000344,0.000525,0.000656,0.045172,0.064086,0.001191,0.001640
298,0.004000,0.387795,0.679279,1.775807,1.538785,145.473105,154.498303,0.025318,0.037081,0.056744,0.071101,4.511998,6.184225,0.000212,0.000330,0.000520,0.000660,0.045080,0.061923,0.001183,0.001609
299,0.004000,0.387840,0.677401,1.715834,1.135862,144.712950,161.033428,0.025107,0.037710,0.056563,0.069357,4.489160,6.220150,0.000210,0.000335,0.000518,0.000645,0.044856,0.062284,0.001177,0.001603
300,0.004000,0.387094,0.677994,1.703929,0.455156,143.418726,159.889304,0.025141,0.037642,0.056594,0.066970,4.472610,6.162943,0.000211,0.000335,0.000518,0.000627,0.044687,0.061709,0.001175,0.001579
301,0.004000,0.388359,0.680774,1.688976,2.357450,145.714540,162.693428,0.025231,0.037450,0.056444,0.070863,4.523386,6.154554,0.000212,0.000334,0.000516,0.000655,0.045195,0.061627,0.001179,0.001605
302,0.004000,0.388295,0.678894,1.719780,1.878401,146.504294,155.436414,0.025331,0.038963,0.056541,0.071538,4.473913,6.153218,0.000213,0.000347,0.000517,0.000663,0.044700,0.061607,0.001177,0.001626
303,0.004000,0.387669,0.677805,1.670575,2.002443,145.536201,158.162026,0.025169,0.038291,0.056288,0.071752,4.496297,6.291666,0.000211,0.000341,0.000514,0.000665,0.044922,0.062999,0.001174,0.001636
304,0.004000,0.387575,0.680213,1.719607,1.883800,147.064985,159.462930,0.025218,0.038798,0.056608,0.071938,4.511256,6.395426,0.000212,0.000345,0.000519,0.000666,0.045076,0.064032,0.001181,0.001652
305,0.004000,0.387774,0.677525,1.704551,1.472287,140.867176,150.604302,0.025057,0.037648,0.056488,0.070528,4.491349,6.145392,0.000210,0.000334,0.000516,0.000656,0.044874,0.061534,0.001175,0.001606
301,0.004000,0.388235,0.680754,1.690926,0.523070,143.886542,165.756908,0.025373,0.039317,0.056673,0.068823,4.525780,6.270973,0.000213,0.000350,0.000518,0.000646,0.045219,0.062792,0.001183,0.001624
302,0.004000,0.387976,0.677199,1.709831,0.844739,145.133481,148.306097,0.025273,0.037818,0.056429,0.069362,4.477848,6.172085,0.000212,0.000336,0.000517,0.000648,0.044741,0.061800,0.001176,0.001602
303,0.004000,0.386906,0.678695,1.688489,2.559664,140.291373,160.469329,0.024994,0.039343,0.056417,0.071815,4.471886,6.273328,0.000209,0.000350,0.000516,0.000663,0.044682,0.062811,0.001172,0.001641
304,0.004000,0.387700,0.679561,1.679879,1.915754,142.410466,160.977519,0.024961,0.037363,0.055984,0.070692,4.476958,6.351740,0.000209,0.000332,0.000512,0.000654,0.044729,0.063598,0.001169,0.001622
305,0.004000,0.386774,0.678105,1.699092,1.621871,138.700579,160.573467,0.024850,0.039154,0.056267,0.070549,4.426138,6.265717,0.000208,0.000348,0.000514,0.000655,0.044223,0.062736,0.001164,0.001631
306,0.004000,0.387709,0.680040,1.697193,2.373062,143.042081,161.726898,0.025044,0.038494,0.056271,0.072006,4.468256,6.195295,0.000210,0.000342,0.000515,0.000667,0.044643,0.062032,0.001171,0.001629
307,0.004000,0.387180,0.678188,1.675371,1.498559,140.025356,153.224046,0.025088,0.037267,0.056069,0.070309,4.452061,6.274377,0.000210,0.000331,0.000512,0.000652,0.044481,0.062826,0.001167,0.001612
308,0.004000,0.387735,0.678500,1.732024,1.451532,146.906798,167.173792,0.025175,0.038902,0.056563,0.071632,4.502948,6.900079,0.000211,0.000347,0.000518,0.000666,0.044992,0.069076,0.001179,0.001703
309,0.004000,0.388570,0.678333,1.728739,2.038943,141.223086,151.957068,0.025431,0.037857,0.056708,0.071370,4.466383,6.223613,0.000214,0.000337,0.000519,0.000662,0.044626,0.062318,0.001179,0.001622
310,0.004000,0.387107,0.678339,1.711395,2.049268,143.863511,163.866423,0.024877,0.038312,0.056363,0.073463,4.480385,6.754458,0.000208,0.000341,0.000515,0.000682,0.044767,0.067614,0.001171,0.001700
311,0.004000,0.387117,0.678221,1.687149,1.730146,141.248672,153.301048,0.024720,0.038040,0.055664,0.071990,4.419863,6.205594,0.000207,0.000338,0.000509,0.000670,0.044157,0.062134,0.001157,0.001629
312,0.004000,0.387127,0.678281,1.703402,1.325539,140.551581,164.186986,0.024843,0.037147,0.055825,0.069224,4.416187,6.346693,0.000208,0.000330,0.000511,0.000644,0.044123,0.063546,0.001160,0.001610
313,0.004000,0.387079,0.677968,1.698384,0.623056,142.539076,157.142146,0.024998,0.037562,0.056358,0.069862,4.474045,6.280687,0.000209,0.000334,0.000515,0.000653,0.044699,0.062887,0.001172,0.001617
314,0.004000,0.387569,0.679963,1.695417,0.521165,144.435220,160.570713,0.025112,0.038234,0.056386,0.067471,4.493905,6.201889,0.000210,0.000340,0.000516,0.000630,0.044898,0.062105,0.001176,0.001592
315,0.004000,0.387209,0.678934,1.673560,1.994010,140.803651,163.806265,0.024632,0.039237,0.055725,0.070819,4.435666,6.257114,0.000206,0.000349,0.000509,0.000657,0.044317,0.062649,0.001158,0.001632
316,0.004000,0.387256,0.678314,1.671244,0.818623,148.488519,149.622341,0.024895,0.037575,0.055784,0.068584,4.451136,6.182979,0.000208,0.000334,0.000510,0.000641,0.044470,0.061910,0.001163,0.001594
317,0.004000,0.386861,0.677166,1.729687,0.527343,138.966574,160.638499,0.024747,0.036521,0.056219,0.067414,4.427402,6.513181,0.000207,0.000324,0.000514,0.000630,0.044233,0.065204,0.001163,0.001606
318,0.004000,0.387058,0.678644,1.708875,1.874760,145.385461,151.960633,0.024789,0.036923,0.056018,0.069532,4.445174,6.087186,0.000207,0.000328,0.000512,0.000644,0.044413,0.060954,0.001164,0.001582
319,0.004000,0.387141,0.678874,1.719862,1.781153,142.204280,159.920849,0.024847,0.037115,0.055692,0.070648,4.400709,6.265824,0.000208,0.000330,0.000509,0.000656,0.043969,0.062739,0.001156,0.001613
320,0.004000,0.387257,0.678052,1.673369,1.396607,140.683592,164.458245,0.024865,0.038301,0.055728,0.072532,4.436144,6.451385,0.000208,0.000340,0.000509,0.000675,0.044327,0.064593,0.001160,0.001662
321,0.004000,0.387398,0.679649,1.730050,1.790844,144.715578,163.857201,0.024907,0.039728,0.056133,0.072615,4.456019,6.686697,0.000209,0.000354,0.000513,0.000675,0.044526,0.066944,0.001167,0.001698
322,0.004000,0.387115,0.678302,1.685810,1.970304,140.047796,158.167703,0.024794,0.038411,0.055853,0.070205,4.448265,6.216444,0.000207,0.000342,0.000510,0.000649,0.044445,0.062245,0.001162,0.001613
323,0.004000,0.387103,0.680030,1.681444,1.973741,140.324780,164.765731,0.024747,0.039124,0.055681,0.070192,4.427444,6.312393,0.000207,0.000348,0.000509,0.000649,0.044235,0.063195,0.001158,0.001629
324,0.004000,0.386811,0.680149,1.674510,0.736373,138.968166,168.937606,0.024727,0.037966,0.055752,0.068202,4.409862,6.387595,0.000207,0.000338,0.000509,0.000636,0.044060,0.063953,0.001156,0.001614
325,0.004000,0.387405,0.677780,1.699051,1.934522,144.644162,153.975805,0.024881,0.037661,0.056175,0.071376,4.478221,6.132698,0.000208,0.000335,0.000514,0.000662,0.044749,0.061405,0.001169,0.001611
326,0.004000,0.387076,0.678482,1.696066,1.496081,140.194583,170.536062,0.024684,0.037912,0.055677,0.071561,4.377232,6.891615,0.000206,0.000337,0.000509,0.000664,0.043736,0.068989,0.001153,0.001692
327,0.004000,0.388173,0.679665,1.686983,0.435285,145.813351,156.937221,0.024883,0.037718,0.055800,0.066652,4.457170,6.208324,0.000208,0.000336,0.000509,0.000623,0.044531,0.062167,0.001163,0.001580
328,0.004000,0.387681,0.679133,1.707304,1.562564,139.974826,157.722742,0.024871,0.038634,0.055816,0.070634,4.409377,6.269670,0.000208,0.000344,0.000510,0.000655,0.044055,0.062773,0.001159,0.001627
329,0.004000,0.387648,0.677819,1.686959,0.453636,146.097573,160.712182,0.024846,0.037182,0.055579,0.067773,4.449630,6.379570,0.000208,0.000330,0.000508,0.000634,0.044457,0.063875,0.001160,0.001603
330,0.004000,0.386518,0.679550,1.687952,2.107139,142.212517,157.671969,0.024623,0.039931,0.055516,0.071601,4.414812,6.233260,0.000206,0.000356,0.000507,0.000662,0.044110,0.062416,0.001154,0.001641
331,0.004000,0.386950,0.678801,1.668694,2.103438,143.629173,162.762261,0.024813,0.038582,0.055698,0.071736,4.440223,6.367886,0.000208,0.000343,0.000509,0.000663,0.044368,0.063758,0.001160,0.001644
332,0.004000,0.387108,0.677589,1.706464,1.717970,141.586182,164.575356,0.024719,0.037319,0.055539,0.071004,4.433315,6.546243,0.000207,0.000332,0.000508,0.000661,0.044296,0.065536,0.001157,0.001648
333,0.004000,0.387130,0.678234,1.674989,1.718356,140.298448,158.799972,0.024659,0.037633,0.055550,0.071313,4.409173,6.458004,0.000206,0.000335,0.000507,0.000663,0.044052,0.064653,0.001154,0.001644
334,0.004000,0.386922,0.678925,1.703191,1.441319,139.662298,162.557362,0.024632,0.037547,0.055403,0.071107,4.385861,6.402230,0.000206,0.000334,0.000506,0.000660,0.043820,0.064096,0.001150,0.001635
335,0.004000,0.388213,0.678502,1.695907,1.611437,143.025865,163.787830,0.024812,0.037228,0.055600,0.070440,4.430356,6.357901,0.000208,0.000331,0.000508,0.000653,0.044263,0.063657,0.001158,0.001621
336,0.004000,0.387348,0.678857,1.734265,1.185847,142.185799,158.407600,0.024706,0.037116,0.056078,0.069506,4.406224,6.140958,0.000207,0.000329,0.000513,0.000646,0.044021,0.061490,0.001160,0.001591
337,0.004000,0.386782,0.678753,1.664907,2.097130,141.133963,160.165353,0.024634,0.038008,0.055276,0.070293,4.409130,6.113684,0.000206,0.000339,0.000504,0.000649,0.044051,0.061219,0.001150,0.001600
338,0.004000,0.386762,0.679281,1.673418,1.324866,140.478798,158.020301,0.024640,0.039309,0.055316,0.069338,4.396543,6.363939,0.000206,0.000350,0.000505,0.000644,0.043925,0.063719,0.001150,0.001631
339,0.004000,0.386899,0.677074,1.712564,1.342163,141.987729,162.002981,0.024760,0.037832,0.055743,0.069960,4.421291,6.300632,0.000207,0.000336,0.000510,0.000650,0.044174,0.063084,0.001159,0.001617
340,0.004000,0.387468,0.678753,1.716997,1.469975,141.634602,163.640379,0.024526,0.039005,0.055468,0.070722,4.389668,6.618703,0.000205,0.000347,0.000507,0.000657,0.043860,0.066260,0.001150,0.001666
341,0.004000,0.386560,0.679029,1.684671,1.725178,138.908873,154.569623,0.024510,0.037660,0.055042,0.070442,4.357639,6.127228,0.000205,0.000335,0.000503,0.000653,0.043538,0.061351,0.001143,0.001602
342,0.004000,0.387472,0.678770,1.719788,1.386021,145.900056,158.424123,0.024658,0.036967,0.055378,0.070219,4.431912,6.203972,0.000206,0.000328,0.000506,0.000652,0.044284,0.062121,0.001155,0.001602
343,0.004000,0.386887,0.678506,1.688489,1.892125,138.946888,159.378788,0.024712,0.037600,0.055442,0.070820,4.391349,6.239265,0.000207,0.000334,0.000507,0.000656,0.043877,0.062473,0.001152,0.001615
344,0.004000,0.387280,0.678324,1.672608,1.433544,143.690395,168.529718,0.024705,0.037356,0.055447,0.070407,4.460585,6.423364,0.000207,0.000332,0.000506,0.000654,0.044568,0.064307,0.001158,0.001629
345,0.004000,0.387331,0.678032,1.746560,1.452065,138.749885,150.921497,0.024476,0.038089,0.055324,0.069434,4.357800,6.114271,0.000204,0.000338,0.000506,0.000644,0.043541,0.061218,0.001146,0.001595
346,0.004000,0.388131,0.678675,1.731931,1.282759,143.707706,164.704061,0.024901,0.037369,0.055831,0.069753,4.430832,6.405905,0.000209,0.000332,0.000511,0.000649,0.044269,0.064135,0.001162,0.001623
347,0.004000,0.387009,0.678625,1.721945,2.089494,139.817224,157.682260,0.024638,0.036961,0.055573,0.072018,4.379212,6.426954,0.000206,0.000328,0.000508,0.000667,0.043754,0.064345,0.001151,0.001639
348,0.004000,0.387173,0.677306,1.680145,1.569895,143.156621,155.227415,0.024653,0.036888,0.055313,0.068742,4.428613,6.180254,0.000206,0.000328,0.000505,0.000639,0.044245,0.061883,0.001154,0.001585
349,0.004000,0.386490,0.677813,1.690297,1.708307,138.453727,156.353812,0.024254,0.036698,0.055091,0.070370,4.342047,6.260070,0.000202,0.000326,0.000503,0.000652,0.043382,0.062680,0.001139,0.001604
350,0.004000,0.386820,0.679982,1.673186,1.054651,138.972043,162.689051,0.024497,0.038193,0.055070,0.068208,4.364214,6.345446,0.000205,0.000340,0.000503,0.000635,0.043603,0.063531,0.001143,0.001610
351,0.004000,0.387145,0.678476,1.694995,2.141004,141.840768,164.736013,0.024430,0.036720,0.055400,0.072311,4.398718,6.361450,0.000204,0.000326,0.000506,0.000668,0.043946,0.063688,0.001149,0.001631
352,0.002000,0.385871,0.677722,1.662856,0.396890,136.357033,160.545116,0.021862,0.035816,0.050810,0.064711,4.006974,5.986283,0.000181,0.000318,0.000461,0.000605,0.040029,0.059946,0.001042,0.001522
353,0.002000,0.385401,0.678026,1.641926,1.492938,133.802487,157.831245,0.021469,0.035337,0.049648,0.067942,3.850187,5.944791,0.000177,0.000314,0.000450,0.000630,0.038462,0.059536,0.001011,0.001539
354,0.002000,0.385476,0.677230,1.640400,1.565686,134.392623,162.749701,0.021500,0.035528,0.049543,0.067477,3.850689,6.005597,0.000177,0.000315,0.000448,0.000625,0.038468,0.060139,0.001010,0.001541
355,0.002000,0.385453,0.677886,1.643402,1.431979,133.923079,162.913455,0.021445,0.034871,0.049565,0.066388,3.848656,5.998131,0.000177,0.000309,0.000449,0.000615,0.038445,0.060068,0.001010,0.001525
356,0.002000,0.385566,0.677576,1.635084,1.104400,135.415095,162.706223,0.021360,0.035161,0.049287,0.066465,3.847387,5.971517,0.000176,0.000312,0.000446,0.000618,0.038433,0.059799,0.001006,0.001527
357,0.002000,0.385388,0.678021,1.653661,1.493931,134.252174,159.046863,0.021358,0.034939,0.049337,0.066572,3.830641,5.967732,0.000176,0.000310,0.000447,0.000616,0.038268,0.059764,0.001005,0.001523
358,0.002000,0.385744,0.677591,1.645863,1.191324,135.659947,164.351645,0.021443,0.035339,0.049420,0.066436,3.847759,6.055447,0.000177,0.000313,0.000448,0.000617,0.038437,0.060634,0.001009,0.001537
359,0.002000,0.385339,0.677484,1.647247,1.686804,133.817476,157.679732,0.021312,0.035455,0.049335,0.067020,3.826598,5.979093,0.000175,0.000315,0.000447,0.000620,0.038225,0.059879,0.001004,0.001533
360,0.002000,0.385514,0.677892,1.638907,1.159034,135.493887,166.649261,0.021337,0.034858,0.049323,0.066706,3.860705,6.131907,0.000176,0.000309,0.000446,0.000619,0.038567,0.061401,0.001008,0.001543
361,0.002000,0.385368,0.677706,1.636527,1.614289,133.964716,162.015878,0.021239,0.034887,0.049088,0.066726,3.808305,6.005524,0.000175,0.000309,0.000444,0.000617,0.038043,0.060141,0.000999,0.001528
362,0.002000,0.385714,0.677832,1.648538,1.250925,134.553943,161.509331,0.021256,0.034849,0.049295,0.065882,3.816221,5.976190,0.000175,0.000309,0.000446,0.000610,0.038121,0.059846,0.001003,0.001518
363,0.002000,0.385089,0.677864,1.636982,1.769066,134.022634,158.874298,0.021136,0.035263,0.049158,0.067623,3.811267,5.964444,0.000174,0.000313,0.000444,0.000626,0.038072,0.059726,0.000999,0.001536
364,0.002000,0.385212,0.678077,1.640338,1.260727,134.298572,163.326639,0.021141,0.034700,0.049063,0.066404,3.817114,5.969277,0.000174,0.000308,0.000444,0.000616,0.038130,0.059780,0.000999,0.001521
365,0.002000,0.385387,0.678427,1.637881,1.653550,133.854402,166.566407,0.021136,0.035273,0.048928,0.067640,3.793746,6.040784,0.000174,0.000313,0.000442,0.000627,0.037898,0.060491,0.000995,0.001544
366,0.002000,0.385269,0.677274,1.644253,1.310492,134.051087,159.843045,0.021161,0.034796,0.049266,0.066229,3.818609,5.979687,0.000174,0.000308,0.000446,0.000614,0.038145,0.059880,0.001001,0.001521
367,0.002000,0.385091,0.677518,1.631866,1.663021,134.468718,157.144103,0.021091,0.035165,0.048808,0.067370,3.805822,5.941751,0.000173,0.000312,0.000441,0.000623,0.038017,0.059505,0.000995,0.001530
368,0.002000,0.385219,0.677569,1.648431,1.217335,133.287297,160.335169,0.021056,0.034579,0.048865,0.066294,3.780678,5.990781,0.000173,0.000307,0.000442,0.000615,0.037766,0.059993,0.000993,0.001521
369,0.002000,0.385068,0.677226,1.628517,1.511974,133.944267,159.550561,0.021052,0.035291,0.048690,0.067038,3.785643,5.962125,0.000173,0.000313,0.000440,0.000621,0.037817,0.059705,0.000992,0.001531
370,0.002000,0.385080,0.677162,1.640894,1.413738,134.802107,162.370546,0.021029,0.035025,0.048822,0.066576,3.791886,6.040331,0.000173,0.000310,0.000442,0.000617,0.037879,0.060482,0.000993,0.001532
371,0.002000,0.385113,0.677694,1.639401,1.453587,133.745651,158.692239,0.021069,0.034731,0.048767,0.067592,3.788747,6.001202,0.000173,0.000308,0.000441,0.000628,0.037846,0.060098,0.000993,0.001536
372,0.002000,0.385301,0.677916,1.637297,1.037375,135.902222,161.879532,0.021125,0.034710,0.048926,0.065394,3.819114,5.994904,0.000174,0.000308,0.000442,0.000607,0.038151,0.060033,0.000998,0.001515
373,0.002000,0.385107,0.677611,1.636856,1.356557,133.870161,163.340866,0.021053,0.034744,0.048711,0.066729,3.789609,5.977908,0.000173,0.000308,0.000440,0.000618,0.037856,0.059865,0.000992,0.001525
374,0.002000,0.385223,0.677758,1.646322,1.084454,134.641715,160.826496,0.020978,0.034941,0.048655,0.065441,3.773016,5.974842,0.000172,0.000310,0.000440,0.000607,0.037689,0.059831,0.000989,0.001515
375,0.002000,0.385090,0.676873,1.641365,1.404441,134.402811,161.133570,0.021164,0.034679,0.049052,0.067099,3.792971,5.999881,0.000174,0.000307,0.000444,0.000623,0.037890,0.060082,0.000997,0.001531
376,0.002000,0.385195,0.678362,1.643978,1.183994,133.815879,160.177840,0.021137,0.034547,0.048812,0.065994,3.793097,6.003700,0.000174,0.000306,0.000441,0.000612,0.037890,0.060122,0.000994,0.001520
377,0.002000,0.385159,0.678221,1.634317,1.710941,134.396034,163.171193,0.020945,0.035416,0.048618,0.067429,3.787828,6.028688,0.000172,0.000315,0.000439,0.000625,0.037837,0.060373,0.000990,0.001543
378,0.002000,0.385171,0.677461,1.638003,1.001780,135.368335,158.266810,0.021021,0.034861,0.048771,0.065738,3.782203,5.976353,0.000173,0.000309,0.000441,0.000612,0.037782,0.059848,0.000991,0.001519
379,0.002000,0.385071,0.677678,1.633634,1.373033,133.953838,161.127601,0.020900,0.034799,0.048554,0.067009,3.774356,5.984929,0.000172,0.000309,0.000439,0.000622,0.037702,0.059933,0.000988,0.001530
380,0.002000,0.385387,0.678649,1.645651,1.210038,134.191769,166.269142,0.021008,0.034919,0.048513,0.065932,3.781333,6.048772,0.000173,0.000310,0.000439,0.000612,0.037772,0.060573,0.000989,0.001527
381,0.002000,0.385001,0.677710,1.628352,1.554432,134.983918,160.590955,0.020883,0.035255,0.048310,0.067535,3.778671,6.019834,0.000171,0.000313,0.000436,0.000626,0.037747,0.060282,0.000985,0.001541
382,0.002000,0.385168,0.678011,1.644137,1.206120,134.036689,160.869274,0.021000,0.034605,0.048680,0.065980,3.788406,5.957746,0.000173,0.000307,0.000440,0.000611,0.037846,0.059660,0.000991,0.001514
383,0.002000,0.384880,0.677011,1.630036,1.386345,134.119799,159.475236,0.020873,0.034905,0.048335,0.066844,3.776317,6.046125,0.000171,0.000310,0.000437,0.000620,0.037724,0.060543,0.000985,0.001535
384,0.002000,0.385044,0.678322,1.646046,1.118409,133.938938,163.904915,0.020947,0.034503,0.048575,0.065629,3.784712,5.971972,0.000172,0.000306,0.000439,0.000608,0.037807,0.059807,0.000990,0.001512
385,0.002000,0.384926,0.677799,1.629540,1.516038,134.536073,165.926160,0.020922,0.034809,0.048448,0.068512,3.783877,6.070279,0.000172,0.000309,0.000438,0.000636,0.037797,0.060785,0.000988,0.001553
386,0.002000,0.385201,0.677836,1.642058,1.274587,133.970915,160.416122,0.020927,0.034846,0.048559,0.066142,3.768482,5.992923,0.000172,0.000309,0.000439,0.000613,0.037645,0.060014,0.000988,0.001522
387,0.002000,0.384715,0.677533,1.638082,1.509139,134.296874,161.268513,0.020927,0.035079,0.048551,0.067123,3.786621,5.966529,0.000172,0.000311,0.000439,0.000622,0.037826,0.059749,0.000989,0.001531
388,0.002000,0.385234,0.678187,1.645698,1.158455,134.645530,159.309894,0.020998,0.034660,0.048724,0.065842,3.786820,5.963589,0.000173,0.000307,0.000441,0.000610,0.037827,0.059723,0.000992,0.001515
389,0.002000,0.384828,0.678675,1.633007,1.603148,133.927543,166.920224,0.020863,0.035117,0.048473,0.067063,3.775010,6.030354,0.000171,0.000311,0.000438,0.000622,0.037710,0.060389,0.000986,0.001537
390,0.002000,0.385312,0.677386,1.637653,1.308566,134.089412,164.984466,0.020945,0.034724,0.048393,0.066368,3.763881,6.061655,0.000172,0.000308,0.000437,0.000616,0.037598,0.060696,0.000985,0.001531
391,0.002000,0.384881,0.678497,1.644557,1.288158,134.822859,160.595596,0.020866,0.035109,0.048485,0.066053,3.767478,5.998453,0.000171,0.000311,0.000438,0.000613,0.037636,0.060071,0.000986,0.001525
392,0.002000,0.385087,0.677696,1.632574,1.413361,134.145367,165.402673,0.020921,0.035166,0.048440,0.066767,3.771243,6.050741,0.000172,0.000312,0.000438,0.000619,0.037673,0.060592,0.000986,0.001537
393,0.002000,0.384922,0.677544,1.652161,1.438868,134.297884,160.350245,0.020918,0.034600,0.048554,0.066932,3.760986,6.007376,0.000172,0.000307,0.000439,0.000620,0.037570,0.060159,0.000987,0.001529
394,0.002000,0.385045,0.677594,1.633298,1.316961,134.678606,162.168845,0.020880,0.035039,0.048484,0.066279,3.783483,6.001941,0.000172,0.000311,0.000438,0.000615,0.037794,0.060104,0.000988,0.001527
395,0.002000,0.385045,0.677924,1.651666,0.988564,133.744784,160.109646,0.020860,0.034352,0.048422,0.065257,3.759327,5.981065,0.000171,0.000304,0.000438,0.000607,0.037554,0.059893,0.000985,0.001510
396,0.002000,0.384879,0.677561,1.639631,1.097729,133.966910,165.943618,0.020714,0.034910,0.048210,0.066050,3.755842,6.061789,0.000170,0.000309,0.000436,0.000615,0.037518,0.060701,0.000981,0.001531
397,0.002000,0.384817,0.678120,1.634637,1.303991,133.846018,160.912507,0.020797,0.034550,0.048119,0.066225,3.744904,6.062249,0.000171,0.000306,0.000435,0.000614,0.037410,0.060704,0.000980,0.001527
398,0.002000,0.384968,0.677597,1.638987,0.394983,134.428968,161.460946,0.020822,0.034970,0.048270,0.064360,3.757161,6.044549,0.000171,0.000310,0.000436,0.000601,0.037533,0.060531,0.000982,0.001516
399,0.002000,0.385062,0.677949,1.636571,1.560071,135.031114,159.077333,0.020870,0.034903,0.048421,0.066587,3.792177,5.963171,0.000171,0.000309,0.000437,0.000617,0.037881,0.059719,0.000988,0.001523
400,0.002000,0.384839,0.677705,1.633286,1.253253,133.768985,161.249603,0.020716,0.034964,0.048108,0.066652,3.740769,5.993787,0.000170,0.000310,0.000434,0.000619,0.037367,0.060022,0.000978,0.001529
401,0.002000,0.384790,0.677467,1.637353,1.272932,133.770249,157.948297,0.020755,0.034843,0.048206,0.066310,3.750126,5.967973,0.000170,0.000309,0.000435,0.000615,0.037461,0.059764,0.000980,0.001521
402,0.002000,0.385020,0.678014,1.651248,0.473581,133.784109,163.797731,0.020817,0.035222,0.048482,0.064683,3.759232,6.020493,0.000171,0.000313,0.000438,0.000604,0.037554,0.060290,0.000984,0.001519
403,0.002000,0.384931,0.678110,1.631865,1.860375,134.153863,159.295874,0.020793,0.035072,0.048286,0.067148,3.767483,6.002648,0.000171,0.000311,0.000436,0.000620,0.037635,0.060112,0.000983,0.001532
404,0.002000,0.384837,0.677888,1.651340,1.263944,134.907630,168.912893,0.020797,0.034768,0.048410,0.066337,3.763260,6.072669,0.000171,0.000308,0.000437,0.000616,0.037592,0.060810,0.000984,0.001532
405,0.002000,0.384937,0.678251,1.630210,1.379477,133.318441,162.547778,0.020730,0.034773,0.048027,0.066928,3.738344,6.027942,0.000170,0.000308,0.000434,0.000621,0.037343,0.060364,0.000977,0.001533
406,0.002000,0.385193,0.678099,1.656264,0.558885,135.513767,162.190158,0.020822,0.034780,0.048360,0.064242,3.771045,5.966740,0.000171,0.000309,0.000437,0.000598,0.037670,0.059755,0.000984,0.001504
407,0.002000,0.384864,0.677659,1.654377,1.342301,133.825353,160.771341,0.020753,0.034755,0.048133,0.066999,3.745018,6.016849,0.000170,0.000308,0.000435,0.000621,0.037410,0.060250,0.000979,0.001532
408,0.002000,0.384951,0.677208,1.634179,1.929925,135.209814,168.243486,0.020908,0.034719,0.048365,0.068027,3.788499,6.108834,0.000172,0.000308,0.000437,0.000630,0.037845,0.061170,0.000987,0.001549
409,0.002000,0.384865,0.678223,1.651193,0.718913,133.659661,161.391537,0.020757,0.034619,0.048272,0.064719,3.736719,5.977573,0.000170,0.000307,0.000436,0.000603,0.037328,0.059864,0.000980,0.001508
410,0.002000,0.385015,0.678053,1.640847,0.685529,133.648594,162.363506,0.020825,0.034741,0.048449,0.064809,3.753114,5.955506,0.000171,0.000308,0.000438,0.000604,0.037490,0.059641,0.000983,0.001508
411,0.002000,0.384962,0.677515,1.636413,0.912163,134.236545,164.935845,0.020694,0.034483,0.048128,0.065718,3.749326,6.040656,0.000170,0.000305,0.000435,0.000611,0.037452,0.060490,0.000979,0.001521
412,0.002000,0.384623,0.677104,1.632107,0.802775,133.377464,162.292893,0.020662,0.034962,0.048026,0.065086,3.733529,6.014103,0.000169,0.000310,0.000434,0.000605,0.037295,0.060223,0.000976,0.001518
413,0.002000,0.384812,0.677833,1.637556,0.854945,133.595232,158.318948,0.020726,0.034880,0.048150,0.064476,3.733552,5.986503,0.000170,0.000309,0.000435,0.000599,0.037297,0.059954,0.000978,0.001507
414,0.002000,0.384882,0.677977,1.636014,0.904528,134.059147,163.856120,0.020664,0.035249,0.047912,0.065194,3.731346,6.009107,0.000169,0.000313,0.000432,0.000606,0.037275,0.060178,0.000974,0.001521
415,0.002000,0.384492,0.677451,1.626184,1.047761,134.543953,160.371619,0.020636,0.034830,0.047895,0.066044,3.743758,6.017038,0.000169,0.000309,0.000432,0.000614,0.037399,0.060254,0.000975,0.001525
416,0.002000,0.384579,0.677672,1.634914,1.066459,133.907474,167.840478,0.020654,0.034713,0.048205,0.066352,3.752149,6.074976,0.000169,0.000307,0.000435,0.000616,0.037482,0.060834,0.000979,0.001532
417,0.002000,0.384684,0.677642,1.641775,1.451215,133.533650,159.780477,0.020657,0.034801,0.047989,0.066323,3.739645,5.975578,0.000169,0.000308,0.000433,0.000613,0.037358,0.059842,0.000976,0.001520
418,0.002000,0.384785,0.678009,1.639725,1.744781,134.261380,164.271019,0.020633,0.034682,0.048060,0.067243,3.742109,6.045148,0.000169,0.000307,0.000434,0.000622,0.037381,0.060538,0.000977,0.001534
419,0.002000,0.384599,0.678399,1.648621,1.093548,133.861489,161.477463,0.020679,0.034938,0.048024,0.065880,3.733162,5.984752,0.000170,0.000310,0.000434,0.000612,0.037293,0.059931,0.000976,0.001521
420,0.002000,0.384686,0.676905,1.630333,1.698561,135.120841,163.404787,0.020578,0.034548,0.047792,0.067158,3.749419,6.055839,0.000169,0.000306,0.000431,0.000622,0.037456,0.060638,0.000974,0.001535
421,0.002000,0.384728,0.678048,1.645110,1.324850,133.992174,161.331460,0.020591,0.034524,0.047998,0.066151,3.733101,6.024594,0.000169,0.000306,0.000434,0.000613,0.037291,0.060327,0.000975,0.001522
422,0.002000,0.384637,0.678185,1.632610,1.590408,134.032302,161.337690,0.020636,0.034800,0.047845,0.066961,3.744691,6.005601,0.000169,0.000309,0.000432,0.000620,0.037407,0.060142,0.000975,0.001531
423,0.002000,0.384473,0.677353,1.639498,1.303395,133.657943,162.330173,0.020513,0.035022,0.047717,0.067134,3.705605,6.099661,0.000168,0.000310,0.000431,0.000624,0.037016,0.061078,0.000969,0.001545
424,0.002000,0.384732,0.677612,1.634018,1.487170,135.208161,162.248143,0.020647,0.034371,0.047911,0.066848,3.750934,6.019224,0.000169,0.000304,0.000432,0.000620,0.037470,0.060279,0.000976,0.001527
425,0.002000,0.384558,0.677541,1.634942,1.247420,133.754993,158.760199,0.020559,0.034457,0.047855,0.066568,3.725256,5.985209,0.000168,0.000305,0.000432,0.000618,0.037212,0.059936,0.000973,0.001522
426,0.002000,0.384540,0.677813,1.631392,1.605404,135.007431,165.086947,0.020615,0.034610,0.047779,0.067061,3.751750,6.044209,0.000169,0.000307,0.000431,0.000622,0.037477,0.060524,0.000975,0.001534
427,0.002000,0.384703,0.677963,1.636778,1.284779,133.320959,165.165654,0.020537,0.034890,0.047618,0.066401,3.699567,6.062574,0.000168,0.000309,0.000430,0.000616,0.036955,0.060707,0.000968,0.001533
428,0.002000,0.384517,0.677879,1.635236,1.526144,135.034576,162.704684,0.020581,0.035391,0.047708,0.067216,3.740689,6.060526,0.000169,0.000314,0.000431,0.000623,0.037367,0.060690,0.000973,0.001543
429,0.002000,0.384662,0.677798,1.631967,1.198124,133.558689,167.234939,0.020585,0.034754,0.047733,0.065973,3.717318,6.059701,0.000169,0.000309,0.000431,0.000613,0.037132,0.060681,0.000971,0.001529
430,0.002000,0.384675,0.678476,1.645276,1.186821,134.084524,164.008237,0.020661,0.034407,0.048033,0.066501,3.738239,6.017798,0.000169,0.000305,0.000434,0.000617,0.037342,0.060260,0.000976,0.001525
431,0.002000,0.384574,0.676963,1.633514,1.451440,133.540243,157.459559,0.020536,0.034738,0.047792,0.066759,3.720759,5.996246,0.000168,0.000307,0.000431,0.000619,0.037169,0.060045,0.000971,0.001527
432,0.002000,0.384590,0.678744,1.632779,0.468707,134.984906,166.660444,0.020649,0.035268,0.047810,0.064587,3.750124,6.059453,0.000169,0.000313,0.000431,0.000603,0.037460,0.060681,0.000975,0.001522
433,0.002000,0.384872,0.677211,1.649305,1.603921,133.918151,157.196337,0.020609,0.034566,0.048012,0.066140,3.738763,5.936533,0.000169,0.000306,0.000433,0.000612,0.037347,0.059447,0.000976,0.001513
434,0.002000,0.384596,0.678300,1.639441,1.270969,134.216662,164.912852,0.020585,0.034896,0.047815,0.066791,3.726546,6.081440,0.000169,0.000309,0.000431,0.000620,0.037227,0.060897,0.000972,0.001538
435,0.002000,0.384785,0.677299,1.634490,1.317758,133.654712,161.591747,0.020550,0.034582,0.047710,0.066260,3.724307,6.022105,0.000168,0.000307,0.000430,0.000615,0.037204,0.060304,0.000971,0.001524
436,0.002000,0.384381,0.677956,1.641497,1.196332,134.395357,161.930769,0.020507,0.034445,0.047772,0.066759,3.719075,6.000771,0.000168,0.000305,0.000431,0.000620,0.037153,0.060093,0.000971,0.001527
437,0.002000,0.384598,0.677136,1.629635,1.379772,134.800421,163.832554,0.020615,0.034900,0.047816,0.067316,3.748382,6.081896,0.000169,0.000309,0.000431,0.000625,0.037445,0.060903,0.000975,0.001543
438,0.002000,0.384441,0.677784,1.641811,1.186764,135.473647,163.405798,0.020519,0.034606,0.047615,0.066302,3.718410,6.029032,0.000168,0.000307,0.000430,0.000615,0.037146,0.060373,0.000969,0.001526
439,0.002000,0.384583,0.677367,1.630593,1.292229,133.872278,161.516324,0.020476,0.034623,0.047535,0.066540,3.721689,6.034510,0.000168,0.000307,0.000429,0.000618,0.037177,0.060427,0.000968,0.001529
440,0.002000,0.384605,0.678098,1.630872,1.339608,134.243420,162.056198,0.020486,0.034716,0.047588,0.066765,3.712551,6.033114,0.000168,0.000308,0.000429,0.000620,0.037086,0.060414,0.000968,0.001532
441,0.002000,0.384478,0.677203,1.636778,1.275369,133.740977,161.521487,0.020530,0.034583,0.047615,0.066714,3.710128,6.042754,0.000168,0.000306,0.000430,0.000620,0.037061,0.060508,0.000968,0.001531
442,0.002000,0.384455,0.677882,1.645548,1.483289,133.076603,161.943488,0.020488,0.034251,0.047820,0.066625,3.702251,6.031922,0.000168,0.000303,0.000432,0.000617,0.036982,0.060402,0.000969,0.001524
443,0.002000,0.384313,0.677593,1.625578,1.231938,133.681746,161.230347,0.020383,0.034938,0.047347,0.066232,3.711481,6.041879,0.000167,0.000310,0.000427,0.000615,0.037075,0.060504,0.000964,0.001530
444,0.002000,0.384301,0.677878,1.636957,1.480614,134.421003,162.661975,0.020423,0.034538,0.047597,0.066219,3.703280,6.028829,0.000167,0.000306,0.000429,0.000613,0.036993,0.060372,0.000966,0.001523
445,0.002000,0.384296,0.677539,1.627108,1.156309,133.916555,158.672871,0.020399,0.034826,0.047417,0.066619,3.713539,6.047472,0.000167,0.000309,0.000428,0.000620,0.037098,0.060555,0.000966,0.001534
446,0.002000,0.384688,0.676968,1.641868,1.390516,134.533178,162.382485,0.020572,0.034329,0.047743,0.066274,3.725853,6.015847,0.000169,0.000304,0.000431,0.000614,0.037218,0.060241,0.000972,0.001521
447,0.002000,0.384651,0.677094,1.632335,1.273392,133.578006,160.935288,0.020544,0.034664,0.047611,0.067136,3.705945,6.059273,0.000168,0.000307,0.000429,0.000625,0.037021,0.060676,0.000968,0.001539
448,0.002000,0.384746,0.678230,1.642439,1.269496,134.011400,160.066426,0.020584,0.034596,0.047842,0.066561,3.729949,5.978590,0.000169,0.000306,0.000432,0.000619,0.037260,0.059870,0.000973,0.001524
449,0.002000,0.384530,0.677465,1.639844,1.091284,134.096413,160.840615,0.020558,0.034863,0.047885,0.066862,3.714752,6.044626,0.000168,0.000309,0.000432,0.000622,0.037109,0.060531,0.000972,0.001536
450,0.002000,0.384654,0.677988,1.638048,0.991509,133.947276,163.779654,0.020505,0.034624,0.047672,0.065308,3.708813,6.037115,0.000168,0.000307,0.000430,0.000607,0.037048,0.060456,0.000969,0.001518
451,0.002000,0.384257,0.678117,1.649628,0.898625,133.610330,167.254175,0.020452,0.034570,0.047575,0.065490,3.700020,6.038525,0.000167,0.000306,0.000429,0.000609,0.036960,0.060469,0.000966,0.001521
452,0.002000,0.384683,0.677469,1.633168,0.816111,134.034863,159.920871,0.020439,0.035164,0.047589,0.065499,3.716445,5.992592,0.000167,0.000312,0.000429,0.000610,0.037124,0.060009,0.000968,0.001522
453,0.002000,0.384455,0.677229,1.634063,0.628991,133.871208,161.901225,0.020475,0.034541,0.047581,0.064985,3.700218,6.044162,0.000168,0.000306,0.000429,0.000605,0.036961,0.060522,0.000966,0.001517
454,0.002000,0.384372,0.677704,1.633790,1.327561,136.069254,162.233611,0.020406,0.034348,0.047603,0.066205,3.721736,6.016549,0.000167,0.000305,0.000429,0.000614,0.037176,0.060244,0.000968,0.001521
455,0.002000,0.384388,0.677551,1.639313,1.355507,134.046819,161.063829,0.020544,0.034302,0.047672,0.066885,3.713328,6.002497,0.000168,0.000304,0.000430,0.000620,0.037093,0.060108,0.000969,0.001525
456,0.002000,0.384409,0.677559,1.633388,1.508737,134.772065,163.809785,0.020405,0.034517,0.047483,0.066909,3.714045,6.023248,0.000167,0.000306,0.000428,0.000621,0.037101,0.060314,0.000966,0.001530
457,0.002000,0.384259,0.677912,1.641891,1.234739,133.846244,164.347235,0.020367,0.034397,0.047507,0.066123,3.693227,6.030911,0.000167,0.000304,0.000429,0.000613,0.036893,0.060394,0.000964,0.001522
458,0.001000,0.384146,0.677609,1.628490,1.237644,132.991838,162.127024,0.019253,0.033798,0.045597,0.064813,3.542218,5.934759,0.000157,0.000299,0.000410,0.000601,0.035381,0.059433,0.000921,0.001495
459,0.001000,0.383832,0.677236,1.618547,1.256224,131.720197,162.054164,0.019024,0.033706,0.044895,0.065123,3.431789,5.966726,0.000155,0.000298,0.000403,0.000604,0.034277,0.059753,0.000901,0.001500
460,0.001000,0.383980,0.677764,1.623026,1.206631,131.928043,164.653961,0.019012,0.033547,0.044902,0.064464,3.445319,5.940659,0.000155,0.000297,0.000403,0.000597,0.034412,0.059493,0.000902,0.001490
461,0.001000,0.383875,0.677935,1.624019,1.067314,131.584077,164.446441,0.018961,0.033982,0.044884,0.064523,3.420786,5.956980,0.000155,0.000301,0.000403,0.000599,0.034168,0.059655,0.000899,0.001497
462,0.001000,0.383946,0.677128,1.619364,1.354463,132.074021,162.950155,0.018950,0.033746,0.044826,0.065386,3.434327,5.970610,0.000155,0.000299,0.000402,0.000606,0.034304,0.059793,0.000900,0.001503
463,0.001000,0.383874,0.677360,1.625195,1.190282,131.699371,164.209738,0.018976,0.033619,0.044903,0.064694,3.420370,5.961335,0.000155,0.000298,0.000403,0.000600,0.034164,0.059699,0.000899,0.001494
464,0.001000,0.383821,0.677685,1.619778,1.273049,131.845626,164.706202,0.018914,0.033736,0.044810,0.064808,3.434023,5.942706,0.000154,0.000299,0.000402,0.000601,0.034299,0.059513,0.000899,0.001495
465,0.001000,0.383789,0.677214,1.620193,1.058028,131.779241,164.629189,0.018898,0.033576,0.044774,0.064741,3.415283,5.957001,0.000154,0.000298,0.000402,0.000602,0.034112,0.059656,0.000897,0.001496
466,0.001000,0.383868,0.677666,1.623002,1.205267,132.099503,162.614724,0.018914,0.033547,0.044904,0.064398,3.431517,5.912409,0.000154,0.000297,0.000403,0.000597,0.034274,0.059211,0.000900,0.001486
467,0.001000,0.383908,0.677716,1.623281,1.273251,131.835683,164.614298,0.018880,0.033874,0.044751,0.065003,3.413944,5.969423,0.000154,0.000300,0.000401,0.000603,0.034100,0.059780,0.000896,0.001500
468,0.001000,0.383811,0.677344,1.627217,1.085450,131.807493,163.377824,0.018856,0.033564,0.044747,0.064218,3.409258,5.934629,0.000154,0.000297,0.000401,0.000596,0.034052,0.059432,0.000896,0.001487
469,0.001000,0.383838,0.677508,1.620667,0.906433,131.766584,165.258071,0.018830,0.033831,0.044758,0.064170,3.410404,5.937959,0.000154,0.000300,0.000401,0.000597,0.034064,0.059465,0.000896,0.001491
470,0.001000,0.383808,0.677500,1.620450,0.763465,131.812702,162.788342,0.018842,0.033692,0.044735,0.063498,3.419779,5.922267,0.000154,0.000299,0.000401,0.000590,0.034157,0.059308,0.000896,0.001481
471,0.001000,0.383724,0.677514,1.619363,1.000369,131.675503,166.541900,0.018786,0.033869,0.044663,0.064305,3.402183,5.963182,0.000153,0.000300,0.000400,0.000597,0.033981,0.059716,0.000893,0.001494
472,0.001000,0.383725,0.677572,1.617746,1.432128,131.758136,162.074309,0.018798,0.033724,0.044664,0.065067,3.404656,5.976903,0.000153,0.000299,0.000401,0.000602,0.034006,0.059856,0.000894,0.001499
473,0.001000,0.383791,0.677467,1.621318,1.166931,132.596908,163.263778,0.018851,0.033594,0.044735,0.064681,3.418377,5.932475,0.000154,0.000298,0.000401,0.000600,0.034143,0.059410,0.000897,0.001492
474,0.001000,0.383856,0.677472,1.619949,0.976294,131.671711,164.644400,0.018801,0.034015,0.044559,0.064545,3.393327,6.003753,0.000153,0.000301,0.000400,0.000600,0.033893,0.060123,0.000892,0.001502
475,0.001000,0.383774,0.677427,1.620221,1.022175,131.759494,164.907062,0.018766,0.033596,0.044643,0.064496,3.400671,5.959906,0.000153,0.000298,0.000400,0.000599,0.033966,0.059686,0.000893,0.001493
476,0.001000,0.383758,0.677335,1.619372,1.015763,131.660650,164.890703,0.018776,0.033736,0.044651,0.064229,3.395560,5.959154,0.000153,0.000299,0.000400,0.000596,0.033915,0.059676,0.000893,0.001492
477,0.001000,0.383691,0.677719,1.618166,0.960664,131.681074,163.144364,0.018765,0.033985,0.044588,0.064150,3.391780,5.923829,0.000153,0.000301,0.000400,0.000596,0.033877,0.059322,0.000891,0.001490
478,0.001000,0.383704,0.677183,1.619137,1.374002,131.779856,165.396838,0.018721,0.033661,0.044513,0.065276,3.383929,5.974106,0.000153,0.000298,0.000399,0.000605,0.033799,0.059826,0.000890,0.001501
479,0.001000,0.383725,0.677567,1.617453,1.455885,131.847384,163.980096,0.018755,0.033614,0.044555,0.065087,3.404353,5.931786,0.000153,0.000298,0.000399,0.000603,0.034003,0.059404,0.000892,0.001494
480,0.001000,0.383698,0.677046,1.620283,1.272283,131.742763,162.248941,0.018722,0.033602,0.044501,0.064804,3.389498,5.937797,0.000153,0.000297,0.000399,0.000600,0.033854,0.059463,0.000890,0.001492
481,0.001000,0.383741,0.677683,1.618783,1.329723,131.995432,164.892216,0.018757,0.033738,0.044487,0.065025,3.391663,5.942170,0.000153,0.000299,0.000399,0.000603,0.033875,0.059506,0.000890,0.001497
482,0.001000,0.383712,0.677234,1.616973,1.290440,131.558461,161.102922,0.018729,0.033568,0.044421,0.064608,3.381259,5.911823,0.000153,0.000297,0.000398,0.000598,0.033772,0.059205,0.000889,0.001488
483,0.001000,0.383540,0.677435,1.622043,1.160918,131.742930,165.592746,0.018762,0.033607,0.044542,0.064762,3.401486,5.996860,0.000153,0.000298,0.000399,0.000601,0.033975,0.060053,0.000892,0.001499
484,0.001000,0.383823,0.677526,1.618786,1.362728,132.060985,161.373998,0.018724,0.033519,0.044442,0.065194,3.394944,5.931242,0.000153,0.000297,0.000398,0.000604,0.033909,0.059398,0.000890,0.001495
485,0.001000,0.383736,0.677721,1.619798,1.031461,131.630236,166.011453,0.018746,0.033706,0.044541,0.064378,3.393931,5.949214,0.000153,0.000298,0.000399,0.000598,0.033898,0.059575,0.000891,0.001492
486,0.001000,0.383907,0.677549,1.620787,1.330434,131.799364,164.689817,0.018754,0.033484,0.044556,0.064987,3.387045,5.965033,0.000153,0.000297,0.000400,0.000602,0.033829,0.059736,0.000891,0.001496
487,0.001000,0.383666,0.677792,1.618248,1.196852,131.669168,162.576718,0.018702,0.033647,0.044475,0.064558,3.392712,5.914917,0.000152,0.000298,0.000399,0.000599,0.033886,0.059234,0.000890,0.001489
488,0.001000,0.383667,0.677139,1.620361,1.245999,131.816887,164.124075,0.018748,0.033614,0.044497,0.065056,3.391742,5.957559,0.000153,0.000298,0.000399,0.000604,0.033878,0.059659,0.000891,0.001498
489,0.001000,0.383634,0.677203,1.618401,1.123404,131.651367,164.128155,0.018642,0.033618,0.044379,0.064354,3.379054,5.957767,0.000152,0.000298,0.000398,0.000597,0.033749,0.059662,0.000887,0.001492
490,0.001000,0.383665,0.677698,1.617231,1.332683,131.810466,164.926621,0.018716,0.033629,0.044463,0.065154,3.388573,5.945004,0.000153,0.000298,0.000398,0.000604,0.033846,0.059535,0.000889,0.001497
491,0.001000,0.383649,0.677752,1.619021,1.244006,131.645582,162.966056,0.018675,0.033781,0.044405,0.064529,3.380687,5.947845,0.000152,0.000299,0.000398,0.000598,0.033766,0.059564,0.000888,0.001493
492,0.001000,0.383619,0.676948,1.618640,1.307681,131.714353,163.058784,0.018678,0.033711,0.044312,0.065238,3.377388,5.949979,0.000152,0.000298,0.000397,0.000605,0.033733,0.059586,0.000887,0.001499
493,0.001000,0.383678,0.677434,1.620644,1.222737,132.036001,162.337262,0.018691,0.033585,0.044478,0.064508,3.386807,5.922585,0.000152,0.000298,0.000399,0.000598,0.033827,0.059310,0.000889,0.001489
494,0.001000,0.383595,0.677409,1.618551,1.274494,131.561732,163.467255,0.018651,0.033605,0.044372,0.064796,3.373222,5.948861,0.000152,0.000297,0.000398,0.000600,0.033692,0.059573,0.000886,0.001493
495,0.001000,0.383483,0.677230,1.620125,1.208170,131.732956,163.207996,0.018668,0.033417,0.044388,0.064850,3.386076,5.933730,0.000152,0.000296,0.000398,0.000601,0.033820,0.059421,0.000888,0.001492
496,0.001000,0.383682,0.677479,1.616741,1.341403,131.563472,164.004965,0.018662,0.033811,0.044336,0.064989,3.373589,5.954393,0.000152,0.000299,0.000397,0.000602,0.033695,0.059629,0.000886,0.001498
497,0.001000,0.383581,0.677651,1.618992,1.100085,131.668805,164.504351,0.018633,0.033624,0.044384,0.064372,3.375769,5.934965,0.000152,0.000298,0.000398,0.000598,0.033717,0.059433,0.000887,0.001490
498,0.001000,0.383602,0.677256,1.620275,1.267466,131.637978,166.034530,0.018654,0.033584,0.044378,0.064831,3.382100,6.001063,0.000152,0.000298,0.000398,0.000601,0.033780,0.060097,0.000888,0.001499
499,0.001000,0.383566,0.677586,1.617292,1.204203,131.834159,164.140059,0.018589,0.033665,0.044236,0.064768,3.370166,5.971202,0.000151,0.000299,0.000396,0.000601,0.033661,0.059795,0.000885,0.001497
500,0.001000,0.383522,0.677624,1.617717,1.208713,131.575100,166.755802,0.018630,0.033685,0.044280,0.064883,3.375740,5.957865,0.000152,0.000298,0.000397,0.000601,0.033716,0.059660,0.000886,0.001496
