,formula_pretty,material_id,task_id,space_group,bravais_lattice,vol
0,Ac,mp-862690,mp-862690,P6_3/mmc,hcp,46.13635019215516
0,Ac,mp-862690,mp-2875025,P6_3/mmc,hcp,46.13635019215516
1,Ac,mp-10018,mp-10018,Fm-3m,fcc,46.205987384126566
1,Ac,mp-10018,mp-2423066,Fm-3m,fcc,46.205987384126566
2,Np,mp-10207,mp-10207,Im-3m,bcc,16.397712713966275
2,Np,mp-10207,mp-2772741,Im-3m,bcc,16.397712713966275
3,Pa,mp-1186367,mp-1186367,P6_3/mmc,hcp,24.753156370613333
4,Pa,mp-10740,mp-10740,Fm-3m,fcc,25.2149024698699
4,Pa,mp-10740,mp-1056244,Fm-3m,fcc,25.2149024698699
4,Pa,mp-10740,mp-2418429,Fm-3m,fcc,25.2149024698699
5,Pu,mp-114,mp-114,Fm-3m,fcc,25.16236477332658
5,Pu,mp-114,mp-1056750,Fm-3m,fcc,25.16236477332658
5,Pu,mp-114,mp-2355193,Fm-3m,fcc,25.16236477332658
6,Pu,mp-107,mp-107,Im-3m,bcc,15.242707749720836
6,Pu,mp-107,mp-20607,Im-3m,bcc,15.242707749720836
7,Th,mp-37,mp-37,Fm-3m,fcc,32.144276686139456
7,Th,mp-37,mp-11448,Fm-3m,fcc,32.144276686139456
7,Th,mp-37,mp-1056776,Fm-3m,fcc,32.144276686139456
7,Th,mp-37,mp-2369376,Fm-3m,fcc,32.144276686139456
8,Th,mp-11343,mp-11343,Im-3m,bcc,32.90184866486211
8,Th,mp-11343,mp-2349517,Im-3m,bcc,32.90184866486211
9,U,mp-1008669,mp-1008669,Fm-3m,fcc,19.987237881151405
9,U,mp-1008669,mp-1056360,Fm-3m,fcc,19.987237881151405
9,U,mp-1008669,mp-1056442,Fm-3m,fcc,19.987237881151405
9,U,mp-1008669,mp-2351858,Fm-3m,fcc,19.987237881151405
10,U,mp-108,mp-108,Im-3m,bcc,18.68758776197388
10,U,mp-108,mp-1056731,Im-3m,bcc,18.68758776197388
10,U,mp-108,mp-2458710,Im-3m,bcc,18.68758776197388
11,Ag,mp-10597,mp-10597,P6_3/mmc,hcp,17.38606541401753
11,Ag,mp-10597,mp-2523818,P6_3/mmc,hcp,17.38606541401753
12,Ag,mp-8566,mp-8566,P6_3/mmc,hcp,17.364237547804233
12,Ag,mp-8566,mp-2651334,P6_3/mmc,hcp,17.364237547804233
13,Ag,mp-124,mp-1056330,Fm-3m,fcc,17.28523120082949
13,Ag,mp-124,mp-124,Fm-3m,fcc,17.28523120082949
13,Ag,mp-124,mp-2383811,Fm-3m,fcc,17.28523120082949
14,Ag,mp-2646971,mp-2647003,Im-3m,bcc,18.153849863758666
15,Ba,mp-56,mp-56,P6_3/mmc,hcp,67.68090922908746
15,Ba,mp-56,mp-1228735,P6_3/mmc,hcp,67.68090922908746
15,Ba,mp-56,mp-2647524,P6_3/mmc,hcp,67.68090922908746
16,Ba,mp-10679,mp-10679,Fm-3m,fcc,67.56349392648343
17,Ba,mp-122,mp-122,Im-3m,bcc,64.99909048758406
17,Ba,mp-122,mp-1056299,Im-3m,bcc,64.99909048758406
17,Ba,mp-122,mp-1056246,Im-3m,bcc,64.99909048758406
17,Ba,mp-122,mp-2579067,Im-3m,bcc,64.99909048758406
18,Cd,mp-1183591,mp-1183591,P6_3/mmc,hcp,21.6055087440188
19,Cd,mp-94,mp-94,P6_3/mmc,hcp,22.30751928950665
19,Cd,mp-94,mp-1059606,P6_3/mmc,hcp,22.30751928950665
19,Cd,mp-94,mp-2464594,P6_3/mmc,hcp,22.30751928950665
20,Cd,mp-1096861,mp-1096861,Fm-3m,fcc,21.82742895475344
21,Cd,mp-2647135,mp-2647135,Im-3m,bcc,22.723733218584616
22,Ce,mp-20372,mp-20372,P6_3/mmc,hcp,25.92035337454378
22,Ce,mp-20372,mp-2638847,P6_3/mmc,hcp,25.92035337454378
23,Ce,mp-20736,mp-20736,P6_3/mmc,hcp,25.42091374850088
23,Ce,mp-20736,mp-1059571,P6_3/mmc,hcp,25.42091374850088
23,Ce,mp-20736,mp-2936319,P6_3/mmc,hcp,25.42091374850088
24,Ce,mp-28,mp-115,Fm-3m,fcc,25.50164500404376
24,Ce,mp-28,mp-28,Fm-3m,fcc,25.50164500404376
24,Ce,mp-28,mp-22082,Fm-3m,fcc,25.50164500404376
24,Ce,mp-28,mp-1056061,Fm-3m,fcc,25.50164500404376
24,Ce,mp-28,mp-2462570,Fm-3m,fcc,25.50164500404376
24,Ce,mp-28,mp-2830603,Fm-3m,fcc,25.50164500404376
25,Ce,mp-10024,mp-10024,Im-3m,bcc,29.35476252608928
26,Cs,mp-11832,mp-11832,P6_3/mmc,hcp,124.21512759266145
26,Cs,mp-11832,mp-2721531,P6_3/mmc,hcp,124.21512759266145
27,Cs,mp-639727,mp-639727,P6_3/mmc,hcp,124.22834939903514
27,Cs,mp-639727,mp-2405756,P6_3/mmc,hcp,124.22834939903514
28,Cs,mp-1055940,mp-1055940,Fm-3m,fcc,123.10401593422476
28,Cs,mp-1055940,mp-1056138,Fm-3m,fcc,123.10401593422476
28,Cs,mp-1055940,mp-1056681,Fm-3m,fcc,123.10401593422476
29,Cs,mp-1,mp-1,Im-3m,bcc,122.47682480324497
29,Cs,mp-1,mp-1056804,Im-3m,bcc,122.47682480324497
29,Cs,mp-1,mp-2456621,Im-3m,bcc,122.47682480324497
30,Eu,mp-1184367,mp-1184367,P6_3/mmc,hcp,43.85056351730532
31,Eu,mp-21462,mp-21462,P6_3/mmc,hcp,44.06303669236204
32,Eu,mp-623532,mp-623532,Fm-3m,fcc,43.402718618896046
33,Eu,mp-20071,mp-20071,Im-3m,bcc,45.186949409330765
34,Gd,mp-155,mp-155,P6_3/mmc,hcp,33.89555135352486
34,Gd,mp-155,mp-1059036,P6_3/mmc,hcp,33.89555135352486
34,Gd,mp-155,mp-2422792,P6_3/mmc,hcp,33.89555135352486
34,Gd,mp-155,mp-2629301,P6_3/mmc,hcp,33.89555135352486
35,Gd,mp-19981,mp-19981,P6_3/mmc,hcp,34.08002409050851
36,Gd,mp-614502,mp-614502,Fm-3m,fcc,34.579953537691246
37,Gd,mp-11421,mp-11421,Im-3m,bcc,33.69059598484879
37,Gd,mp-11421,mp-2425405,Im-3m,bcc,33.69059598484879
37,Gd,mp-11421,mp-2452808,Im-3m,bcc,33.69059598484879
38,In,mp-1184511,mp-1184511,P6_3/mmc,hcp,26.45783400189048
39,In,mp-973111,mp-973111,P6_3/mmc,hcp,26.540101021217943
39,In,mp-973111,mp-2776515,P6_3/mmc,hcp,26.540101021217943
39,In,mp-973111,mp-2777939,P6_3/mmc,hcp,26.540101021217943
40,In,mp-85,mp-614445,Fm-3m,fcc,26.392514730548744
40,In,mp-85,mp-85,Fm-3m,fcc,26.392514730548744
40,In,mp-85,mp-2406230,Fm-3m,fcc,26.392514730548744
40,In,mp-85,mp-2925104,Fm-3m,fcc,26.392514730548744
41,In,mp-1184478,mp-1184478,Im-3m,bcc,26.6859344249282
42,La,mp-26,mp-26,P6_3/mmc,hcp,37.57215894637557
42,La,mp-26,mp-2666474,P6_3/mmc,hcp,37.57215894637557
43,La,mp-156,mp-156,Fm-3m,fcc,37.69881310053244
43,La,mp-156,mp-1056143,Fm-3m,fcc,37.69881310053244
43,La,mp-156,mp-2424686,Fm-3m,fcc,37.69881310053244
44,La,mp-10023,mp-10023,Im-3m,bcc,38.31950599459704
45,Mo,mp-1066523,mp-1066523,P6_3/mmc,hcp,15.754000540195314
46,Mo,mp-2647013,mp-2647013,P6_3/mmc,hcp,16.17585509981709
47,Mo,mp-8637,mp-8637,Fm-3m,fcc,15.732019634048816
47,Mo,mp-8637,mp-2346879,Fm-3m,fcc,15.732019634048816
48,Mo,mp-129,mp-129,Im-3m,bcc,15.89162790660502
48,Mo,mp-129,mp-1056248,Im-3m,bcc,15.89162790660502
48,Mo,mp-129,mp-1056436,Im-3m,bcc,15.89162790660502
48,Mo,mp-129,mp-1238906,Im-3m,bcc,15.89162790660502
48,Mo,mp-129,mp-2383726,Im-3m,bcc,15.89162790660502
49,Nb,mp-2647103,mp-2647122,P6_3/mmc,hcp,18.93634419260672
50,Nb,mp-8636,mp-8636,Fm-3m,fcc,18.83251408005379
50,Nb,mp-8636,mp-2349930,Fm-3m,fcc,18.83251408005379
51,Nb,mp-75,mp-75,Im-3m,bcc,18.258066615716924
51,Nb,mp-75,mp-1056088,Im-3m,bcc,18.258066615716924
51,Nb,mp-75,mp-1056168,Im-3m,bcc,18.258066615716924
51,Nb,mp-75,mp-1056466,Im-3m,bcc,18.258066615716924
51,Nb,mp-75,mp-1056567,Im-3m,bcc,18.258066615716924
51,Nb,mp-75,mp-1056506,Im-3m,bcc,18.258066615716924
51,Nb,mp-75,mp-1056708,Im-3m,bcc,18.258066615716924
51,Nb,mp-75,mp-1056855,Im-3m,bcc,18.258066615716924
51,Nb,mp-75,mp-1180090,Im-3m,bcc,18.258066615716924
51,Nb,mp-75,mp-2349282,Im-3m,bcc,18.258066615716924
51,Nb,mp-75,mp-2506908,Im-3m,bcc,18.258066615716924
52,Nd,mp-123,mp-123,P6_3/mmc,hcp,35.46125938744741
52,Nd,mp-123,mp-2391892,P6_3/mmc,hcp,35.46125938744741
53,Nd,mp-159,mp-159,Fm-3m,fcc,35.35195141161264
53,Nd,mp-159,mp-2374440,Fm-3m,fcc,35.35195141161264
54,Nd,mp-4,mp-4,Im-3m,bcc,35.7609782076631
54,Nd,mp-4,mp-2457487,Im-3m,bcc,35.7609782076631
55,Pd,mp-1186427,mp-1186427,P6_3/mmc,hcp,15.066523697886696
56,Pd,mp-2646997,mp-2646997,P6_3/mmc,hcp,15.53144227327263
57,Pd,mp-2,mp-2,Fm-3m,fcc,15.02799459406926
57,Pd,mp-2,mp-1056438,Fm-3m,fcc,15.02799459406926
57,Pd,mp-2,mp-1056751,Fm-3m,fcc,15.02799459406926
57,Pd,mp-2,mp-2386215,Fm-3m,fcc,15.02799459406926
58,Pd,mp-2646977,mp-2646977,Im-3m,bcc,15.547139314057056
59,Pm,mp-867200,mp-867200,P6_3/mmc,hcp,34.52341053845748
59,Pm,mp-867200,mp-2856416,P6_3/mmc,hcp,34.52341053845748
60,Pm,mp-1186429,mp-1186429,Fm-3m,fcc,34.514029178746384
61,Pr,mp-1059256,mp-1059256,P6_3/mmc,hcp,37.04575877971618
61,Pr,mp-1059256,mp-1061481,P6_3/mmc,hcp,37.04575877971618
61,Pr,mp-1059256,mp-2421363,P6_3/mmc,hcp,37.04575877971618
62,Pr,mp-38,mp-38,P6_3/mmc,hcp,36.54578532378378
62,Pr,mp-38,mp-2520829,P6_3/mmc,hcp,36.54578532378378
63,Pr,mp-97,mp-97,Fm-3m,fcc,37.281322079739454
63,Pr,mp-97,mp-20537,Fm-3m,fcc,37.281322079739454
63,Pr,mp-97,mp-2357016,Fm-3m,fcc,37.281322079739454
63,Pr,mp-97,mp-2685198,Fm-3m,fcc,37.281322079739454
64,Pr,mp-63,mp-63,Im-3m,bcc,36.90510835257483
65,Rh,mp-1186916,mp-1186916,P6_3/mmc,hcp,13.801484312161008
66,Rh,mp-2646993,mp-2646993,P6_3/mmc,hcp,14.301872184171753
67,Rh,mp-74,mp-74,Fm-3m,fcc,13.782780337825384
67,Rh,mp-74,mp-1055924,Fm-3m,fcc,13.782780337825384
67,Rh,mp-74,mp-1056572,Fm-3m,fcc,13.782780337825384
67,Rh,mp-74,mp-2507000,Fm-3m,fcc,13.782780337825384
68,Rh,mp-2647000,mp-2647028,Im-3m,bcc,14.707488949327848
69,Ru,mp-33,mp-33,P6_3/mmc,hcp,13.551176835248535
69,Ru,mp-33,mp-1061133,P6_3/mmc,hcp,13.551176835248535
69,Ru,mp-33,mp-2509638,P6_3/mmc,hcp,13.551176835248535
70,Ru,mp-8639,mp-8639,Fm-3m,fcc,13.624838331770707
70,Ru,mp-8639,mp-2510954,Fm-3m,fcc,13.624838331770707
71,Sm,mp-68,mp-68,P6_3/mmc,hcp,34.352653672864875
71,Sm,mp-68,mp-2363526,P6_3/mmc,hcp,34.352653672864875
72,Sm,mp-69,mp-69,P6_3/mmc,hcp,33.80194237233158
72,Sm,mp-69,mp-2615353,P6_3/mmc,hcp,33.80194237233158
73,Sm,mp-21377,mp-1008784,Fm-3m,fcc,33.831567296340694
73,Sm,mp-21377,mp-972814,Fm-3m,fcc,33.831567296340694
73,Sm,mp-21377,mp-21377,Fm-3m,fcc,33.831567296340694
73,Sm,mp-21377,mp-1056280,Fm-3m,fcc,33.831567296340694
73,Sm,mp-21377,mp-1063188,Fm-3m,fcc,33.831567296340694
73,Sm,mp-21377,mp-1097977,Fm-3m,fcc,33.831567296340694
73,Sm,mp-21377,mp-2676158,Fm-3m,fcc,33.831567296340694
74,Sn,mp-1022725,mp-1022725,Fm-3m,fcc,27.36253413794704
74,Sn,mp-1022725,mp-2828636,Fm-3m,fcc,27.36253413794704
75,Sn,mp-7162,mp-7162,Im-3m,bcc,27.204968347216287
75,Sn,mp-7162,mp-1055917,Im-3m,bcc,27.204968347216287
75,Sn,mp-7162,mp-1055960,Im-3m,bcc,27.204968347216287
75,Sn,mp-7162,mp-1056022,Im-3m,bcc,27.204968347216287
75,Sn,mp-7162,mp-1055942,Im-3m,bcc,27.204968347216287
75,Sn,mp-7162,mp-1056020,Im-3m,bcc,27.204968347216287
75,Sn,mp-7162,mp-1056047,Im-3m,bcc,27.204968347216287
75,Sn,mp-7162,mp-1056035,Im-3m,bcc,27.204968347216287
75,Sn,mp-7162,mp-1056063,Im-3m,bcc,27.204968347216287
75,Sn,mp-7162,mp-1056078,Im-3m,bcc,27.204968347216287
75,Sn,mp-7162,mp-1056113,Im-3m,bcc,27.204968347216287
75,Sn,mp-7162,mp-1056147,Im-3m,bcc,27.204968347216287
75,Sn,mp-7162,mp-1056202,Im-3m,bcc,27.204968347216287
75,Sn,mp-7162,mp-1056334,Im-3m,bcc,27.204968347216287
75,Sn,mp-7162,mp-1056182,Im-3m,bcc,27.204968347216287
75,Sn,mp-7162,mp-1056223,Im-3m,bcc,27.204968347216287
75,Sn,mp-7162,mp-1056295,Im-3m,bcc,27.204968347216287
75,Sn,mp-7162,mp-1056559,Im-3m,bcc,27.204968347216287
75,Sn,mp-7162,mp-1056477,Im-3m,bcc,27.204968347216287
75,Sn,mp-7162,mp-1056591,Im-3m,bcc,27.204968347216287
75,Sn,mp-7162,mp-1056491,Im-3m,bcc,27.204968347216287
75,Sn,mp-7162,mp-1056592,Im-3m,bcc,27.204968347216287
75,Sn,mp-7162,mp-1056620,Im-3m,bcc,27.204968347216287
75,Sn,mp-7162,mp-1056650,Im-3m,bcc,27.204968347216287
75,Sn,mp-7162,mp-1056704,Im-3m,bcc,27.204968347216287
75,Sn,mp-7162,mp-1056521,Im-3m,bcc,27.204968347216287
75,Sn,mp-7162,mp-1056730,Im-3m,bcc,27.204968347216287
75,Sn,mp-7162,mp-1056782,Im-3m,bcc,27.204968347216287
75,Sn,mp-7162,mp-1056793,Im-3m,bcc,27.204968347216287
75,Sn,mp-7162,mp-1056820,Im-3m,bcc,27.204968347216287
75,Sn,mp-7162,mp-1056850,Im-3m,bcc,27.204968347216287
75,Sn,mp-7162,mp-2459466,Im-3m,bcc,27.204968347216287
76,Tc,mp-113,mp-113,P6_3/mmc,hcp,14.251690501010906
76,Tc,mp-113,mp-1058310,P6_3/mmc,hcp,14.251690501010906
76,Tc,mp-113,mp-2383847,P6_3/mmc,hcp,14.251690501010906
77,Tc,mp-867351,mp-867351,P6_3/mmc,hcp,14.247917978753314
77,Tc,mp-867351,mp-2361423,P6_3/mmc,hcp,14.247917978753314
78,Tc,mp-8638,mp-8638,Fm-3m,fcc,14.327518180725818
78,Tc,mp-8638,mp-2798683,Fm-3m,fcc,14.327518180725818
79,Zr,mp-131,mp-131,P6_3/mmc,hcp,23.49965943732917
79,Zr,mp-131,mp-1057073,P6_3/mmc,hcp,23.49965943732917
79,Zr,mp-131,mp-1057261,P6_3/mmc,hcp,23.49965943732917
79,Zr,mp-131,mp-1057504,P6_3/mmc,hcp,23.49965943732917
79,Zr,mp-131,mp-1057583,P6_3/mmc,hcp,23.49965943732917
79,Zr,mp-131,mp-1057584,P6_3/mmc,hcp,23.49965943732917
79,Zr,mp-131,mp-1059856,P6_3/mmc,hcp,23.49965943732917
79,Zr,mp-131,mp-1060161,P6_3/mmc,hcp,23.49965943732917
79,Zr,mp-131,mp-1060949,P6_3/mmc,hcp,23.49965943732917
79,Zr,mp-131,mp-2383787,P6_3/mmc,hcp,23.49965943732917
80,Zr,mp-8635,mp-8635,Fm-3m,fcc,23.22823265608072
80,Zr,mp-8635,mp-2678613,Fm-3m,fcc,23.22823265608072
81,Zr,mp-41,mp-41,Im-3m,bcc,22.97394831127481
81,Zr,mp-41,mp-2459007,Im-3m,bcc,22.97394831127481
82,Au,mp-1008634,mp-1008634,P6_3/mmc,hcp,17.65070868875737
82,Au,mp-1008634,mp-1060301,P6_3/mmc,hcp,17.65070868875737
82,Au,mp-1008634,mp-2504169,P6_3/mmc,hcp,17.65070868875737
83,Au,mp-81,mp-81,Fm-3m,fcc,18.14473805188449
83,Au,mp-81,mp-989599,Fm-3m,fcc,18.14473805188449
83,Au,mp-81,mp-1056207,Fm-3m,fcc,18.14473805188449
83,Au,mp-81,mp-1056437,Fm-3m,fcc,18.14473805188449
83,Au,mp-81,mp-1147620,Fm-3m,fcc,18.14473805188449
83,Au,mp-81,mp-2651402,Fm-3m,fcc,18.14473805188449
84,Au,mp-2647062,mp-2647062,Im-3m,bcc,18.207025965875985
85,Bi,mp-568610,mp-568610,Im-3m,bcc,31.11691571702084
85,Bi,mp-568610,mp-2516612,Im-3m,bcc,31.11691571702084
86,Dy,mp-1184067,mp-1184067,P6_3/mmc,hcp,31.75253363744665
87,Dy,mp-88,mp-88,P6_3/mmc,hcp,32.00431174016688
87,Dy,mp-88,mp-1057889,P6_3/mmc,hcp,32.00431174016688
87,Dy,mp-88,mp-1059282,P6_3/mmc,hcp,32.00431174016688
87,Dy,mp-88,mp-1059146,P6_3/mmc,hcp,32.00431174016688
87,Dy,mp-88,mp-2648619,P6_3/mmc,hcp,32.00431174016688
88,Dy,mp-10750,mp-10750,Fm-3m,fcc,31.50347690332092
88,Dy,mp-10750,mp-12993,Fm-3m,fcc,31.50347690332092
88,Dy,mp-10750,mp-2721647,Fm-3m,fcc,31.50347690332092
89,Dy,mp-10751,mp-10751,Im-3m,bcc,32.018346616463226
90,Er,mp-1184113,mp-1184113,P6_3/mmc,hcp,31.01057187948099
91,Er,mp-99,mp-99,P6_3/mmc,hcp,30.707082750332056
91,Er,mp-99,mp-1057464,P6_3/mmc,hcp,30.707082750332056
91,Er,mp-99,mp-1058596,P6_3/mmc,hcp,30.707082750332056
91,Er,mp-99,mp-2488546,P6_3/mmc,hcp,30.707082750332056
92,Er,mp-10752,mp-10752,Fm-3m,fcc,30.50020636517872
92,Er,mp-10752,mp-2654395,Fm-3m,fcc,30.50020636517872
93,Er,mp-10753,mp-10753,Im-3m,bcc,30.95268409112724
93,Er,mp-10753,mp-505776,Im-3m,bcc,30.95268409112724
93,Er,mp-10753,mp-2349606,Im-3m,bcc,30.95268409112724
94,Hf,mp-103,mp-103,P6_3/mmc,hcp,22.26362174740903
94,Hf,mp-103,mp-1059369,P6_3/mmc,hcp,22.26362174740903
94,Hf,mp-103,mp-1059519,P6_3/mmc,hcp,22.26362174740903
94,Hf,mp-103,mp-1060743,P6_3/mmc,hcp,22.26362174740903
94,Hf,mp-103,mp-1061247,P6_3/mmc,hcp,22.26362174740903
94,Hf,mp-103,mp-2625843,P6_3/mmc,hcp,22.26362174740903
95,Hf,mp-8640,mp-8640,Fm-3m,fcc,22.336669757544524
95,Hf,mp-8640,mp-2673602,Fm-3m,fcc,22.336669757544524
96,Hf,mp-100,mp-100,Im-3m,bcc,22.08678133334949
96,Hf,mp-100,mp-2936418,Im-3m,bcc,22.08678133334949
97,Hg,mp-1184554,mp-1184554,P6_3/mmc,hcp,28.476518427920485
97,Hg,mp-1184554,mp-2667772,P6_3/mmc,hcp,28.476518427920485
98,Hg,mp-1184709,mp-1184709,P6_3/mmc,hcp,28.37690547195709
99,Hg,mp-753304,mp-756069,Fm-3m,fcc,27.369398225761675
99,Hg,mp-753304,mp-753304,Fm-3m,fcc,27.369398225761675
99,Hg,mp-753304,mp-1056029,Fm-3m,fcc,27.369398225761675
99,Hg,mp-753304,mp-1056149,Fm-3m,fcc,27.369398225761675
99,Hg,mp-753304,mp-2492823,Fm-3m,fcc,27.369398225761675
100,Hg,mp-1017981,mp-1017981,Im-3m,bcc,27.005581052290225
100,Hg,mp-1017981,mp-1056496,Im-3m,bcc,27.005581052290225
100,Hg,mp-1017981,mp-2629179,Im-3m,bcc,27.005581052290225
101,Ho,mp-144,mp-144,P6_3/mmc,hcp,31.36464775588645
101,Ho,mp-144,mp-1058701,P6_3/mmc,hcp,31.36464775588645
101,Ho,mp-144,mp-1059721,P6_3/mmc,hcp,31.36464775588645
101,Ho,mp-144,mp-2683337,P6_3/mmc,hcp,31.36464775588645
102,Ho,mp-973986,mp-973986,P6_3/mmc,hcp,31.0480417753819
102,Ho,mp-973986,mp-2874120,P6_3/mmc,hcp,31.0480417753819
103,Ho,mp-10765,mp-10765,Fm-3m,fcc,31.034696804031867
104,Ho,mp-7236,mp-7236,Im-3m,bcc,31.5469949574124
105,Ir,mp-2647032,mp-2647069,P6_3/mmc,hcp,14.627122669776762
106,Ir,mp-101,mp-101,Fm-3m,fcc,14.310382775109328
106,Ir,mp-101,mp-1056792,Fm-3m,fcc,14.310382775109328
106,Ir,mp-101,mp-2371485,Fm-3m,fcc,14.310382775109328
107,Ir,mp-2647047,mp-2647112,Im-3m,bcc,15.17159240625736
108,Lu,mp-145,mp-145,P6_3/mmc,hcp,29.1870044419527
108,Lu,mp-145,mp-1059288,P6_3/mmc,hcp,29.1870044419527
108,Lu,mp-145,mp-1059343,P6_3/mmc,hcp,29.1870044419527
108,Lu,mp-145,mp-1061371,P6_3/mmc,hcp,29.1870044419527
108,Lu,mp-145,mp-1080282,P6_3/mmc,hcp,29.1870044419527
108,Lu,mp-145,mp-2924233,P6_3/mmc,hcp,29.1870044419527
109,Lu,mp-10190,mp-10190,Im-3m,bcc,29.84730237120282
110,Os,mp-49,mp-49,P6_3/mmc,hcp,14.127400269263507
110,Os,mp-49,mp-1058241,P6_3/mmc,hcp,14.127400269263507
110,Os,mp-49,mp-1058607,P6_3/mmc,hcp,14.127400269263507
110,Os,mp-49,mp-1058620,P6_3/mmc,hcp,14.127400269263507
110,Os,mp-49,mp-1059378,P6_3/mmc,hcp,14.127400269263507
110,Os,mp-49,mp-1059472,P6_3/mmc,hcp,14.127400269263507
110,Os,mp-49,mp-1060208,P6_3/mmc,hcp,14.127400269263507
110,Os,mp-49,mp-1061574,P6_3/mmc,hcp,14.127400269263507
110,Os,mp-49,mp-2522407,P6_3/mmc,hcp,14.127400269263507
111,Os,mp-8643,mp-8643,Fm-3m,fcc,14.20097625582487
111,Os,mp-8643,mp-2828594,Fm-3m,fcc,14.20097625582487
112,Os,mp-2647031,mp-2647108,Im-3m,bcc,14.867609985018245
113,Pb,mp-1186444,mp-1186444,P6_3/mmc,hcp,30.91368537171571
114,Pb,mp-20745,mp-20745,P6_3/mmc,hcp,31.29823147595638
114,Pb,mp-20745,mp-2526664,P6_3/mmc,hcp,31.29823147595638
115,Pb,mp-20483,mp-20483,Fm-3m,fcc,31.05371528313505
115,Pb,mp-20483,mp-1056593,Fm-3m,fcc,31.05371528313505
115,Pb,mp-20483,mp-2385935,Fm-3m,fcc,31.05371528313505
116,Pb,mp-22692,mp-22692,Im-3m,bcc,31.03355513718393
116,Pb,mp-22692,mp-2355507,Im-3m,bcc,31.03355513718393
116,Pb,mp-22692,mp-2772722,Im-3m,bcc,31.03355513718393
117,Pt,mp-2647022,mp-2647022,P6_3/mmc,hcp,15.81456175549128
118,Pt,mp-126,mp-126,Fm-3m,fcc,15.327454053856243
118,Pt,mp-126,mp-1055992,Fm-3m,fcc,15.327454053856243
118,Pt,mp-126,mp-1056247,Fm-3m,fcc,15.327454053856243
118,Pt,mp-126,mp-2383760,Fm-3m,fcc,15.327454053856243
119,Pt,mp-2646979,mp-2647101,Im-3m,bcc,15.904003643869787
120,Re,mp-1186901,mp-1186901,P6_3/mmc,hcp,14.81078265136999
120,Re,mp-1186901,mp-2930676,P6_3/mmc,hcp,14.81078265136999
121,Re,mp-8,mp-8,P6_3/mmc,hcp,14.813289460982348
121,Re,mp-8,mp-1059662,P6_3/mmc,hcp,14.813289460982348
121,Re,mp-8,mp-1061251,P6_3/mmc,hcp,14.813289460982348
121,Re,mp-8,mp-1061537,P6_3/mmc,hcp,14.813289460982348
121,Re,mp-8,mp-2718155,P6_3/mmc,hcp,14.813289460982348
122,Re,mp-8642,mp-8642,Fm-3m,fcc,14.8660984647711
122,Re,mp-8642,mp-2510867,Fm-3m,fcc,14.8660984647711
123,Re,mp-2647037,mp-2647130,Im-3m,bcc,15.214418078363371
124,Ta,mp-2647044,mp-2647052,P6_3/mmc,hcp,18.818521886255265
125,Ta,mp-6986,mp-6986,Fm-3m,fcc,18.15156491489132
125,Ta,mp-6986,mp-2459412,Fm-3m,fcc,18.15156491489132
126,Ta,mp-50,mp-50,Im-3m,bcc,18.129972738489144
126,Ta,mp-50,mp-1055941,Im-3m,bcc,18.129972738489144
126,Ta,mp-50,mp-1056238,Im-3m,bcc,18.129972738489144
126,Ta,mp-50,mp-2522379,Im-3m,bcc,18.129972738489144
127,Tb,mp-18,mp-18,P6_3/mmc,hcp,32.71278409899747
127,Tb,mp-18,mp-1059813,P6_3/mmc,hcp,32.71278409899747
127,Tb,mp-18,mp-1061299,P6_3/mmc,hcp,32.71278409899747
127,Tb,mp-18,mp-2623192,P6_3/mmc,hcp,32.71278409899747
128,Tb,mp-571249,mp-571249,P6_3/mmc,hcp,32.510892401766334
128,Tb,mp-571249,mp-2518009,P6_3/mmc,hcp,32.510892401766334
129,Tb,mp-7163,mp-7163,Fm-3m,fcc,32.00468586959248
129,Tb,mp-7163,mp-2382254,Fm-3m,fcc,32.00468586959248
130,Tb,mp-11446,mp-11446,Im-3m,bcc,32.52706819348328
131,Tl,mp-82,mp-82,P6_3/mmc,hcp,29.90613832962256
131,Tl,mp-82,mp-1060616,P6_3/mmc,hcp,29.90613832962256
131,Tl,mp-82,mp-2680418,P6_3/mmc,hcp,29.90613832962256
132,Tl,mp-972373,mp-972373,P6_3/mmc,hcp,30.026329170336
132,Tl,mp-972373,mp-2777667,P6_3/mmc,hcp,30.026329170336
133,Tl,mp-151,mp-151,Fm-3m,fcc,30.00471365995496
133,Tl,mp-151,mp-7133,Fm-3m,fcc,30.00471365995496
133,Tl,mp-151,mp-2346968,Fm-3m,fcc,30.00471365995496
134,Tl,mp-39,mp-39,Im-3m,bcc,29.93390167626574
134,Tl,mp-39,mp-2459012,Im-3m,bcc,29.93390167626574
135,Tm,mp-143,mp-143,P6_3/mmc,hcp,30.19899786242444
135,Tm,mp-143,mp-1056924,P6_3/mmc,hcp,30.19899786242444
135,Tm,mp-143,mp-1058229,P6_3/mmc,hcp,30.19899786242444
135,Tm,mp-143,mp-1059919,P6_3/mmc,hcp,30.19899786242444
135,Tm,mp-143,mp-2674916,P6_3/mmc,hcp,30.19899786242444
136,Tm,mp-971769,mp-971769,P6_3/mmc,hcp,30.05245612081685
137,Tm,mp-10660,mp-10660,Fm-3m,fcc,30.066227309678933
138,Tm,mp-10661,mp-10661,Im-3m,bcc,30.60711063609117
139,W,mp-2646990,mp-2647084,P6_3/mmc,hcp,16.61390167565837
140,W,mp-8641,mp-8641,Fm-3m,fcc,15.903934900377433
140,W,mp-8641,mp-2347001,Fm-3m,fcc,15.903934900377433
141,W,mp-91,mp-91,Im-3m,bcc,15.932263521447116
141,W,mp-91,mp-1056048,Im-3m,bcc,15.932263521447116
141,W,mp-91,mp-1179391,Im-3m,bcc,15.932263521447116
141,W,mp-91,mp-2464544,Im-3m,bcc,15.932263521447116
142,Al,mp-1183144,mp-1183144,P6_3/mmc,hcp,15.895421671502502
143,Al,mp-2647008,mp-2647137,P6_3/mmc,hcp,16.669395665980037
144,Al,mp-134,mp-134,Fm-3m,fcc,16.471717630914863
144,Al,mp-134,mp-1056096,Fm-3m,fcc,16.471717630914863
144,Al,mp-134,mp-1056108,Fm-3m,fcc,16.471717630914863
144,Al,mp-134,mp-2625881,Fm-3m,fcc,16.471717630914863
145,Al,mp-998860,mp-998860,Im-3m,bcc,16.11571598722545
145,Al,mp-998860,mp-1056374,Im-3m,bcc,16.11571598722545
145,Al,mp-998860,mp-1253334,Im-3m,bcc,16.11571598722545
145,Al,mp-998860,mp-1255120,Im-3m,bcc,16.11571598722545
145,Al,mp-998860,mp-2351905,Im-3m,bcc,16.11571598722545
146,Be,mp-87,mp-87,P6_3/mmc,hcp,7.949092572200806
146,Be,mp-87,mp-1058908,P6_3/mmc,hcp,7.949092572200806
146,Be,mp-87,mp-1060175,P6_3/mmc,hcp,7.949092572200806
146,Be,mp-87,mp-2651377,P6_3/mmc,hcp,7.949092572200806
147,Be,mp-20,mp-10682,Im-3m,bcc,7.871164063017212
147,Be,mp-20,mp-20,Im-3m,bcc,7.871164063017212
147,Be,mp-20,mp-1056469,Im-3m,bcc,7.871164063017212
147,Be,mp-20,mp-2638809,Im-3m,bcc,7.871164063017212
148,Ca,mp-1183484,mp-1183484,P6_3/mmc,hcp,43.63988451583821
149,Ca,mp-132,mp-132,P6_3/mmc,hcp,43.56840280055848
149,Ca,mp-132,mp-2488775,P6_3/mmc,hcp,43.56840280055848
150,Ca,mp-45,mp-45,Fm-3m,fcc,43.36096382607296
150,Ca,mp-45,mp-1055958,Fm-3m,fcc,43.36096382607296
150,Ca,mp-45,mp-1056169,Fm-3m,fcc,43.36096382607296
150,Ca,mp-45,mp-1056772,Fm-3m,fcc,43.36096382607296
150,Ca,mp-45,mp-1056803,Fm-3m,fcc,43.36096382607296
150,Ca,mp-45,mp-1181791,Fm-3m,fcc,43.36096382607296
150,Ca,mp-45,mp-2373722,Fm-3m,fcc,43.36096382607296
151,Ca,mp-21,mp-997407,Im-3m,bcc,42.71819442535443
151,Ca,mp-21,mp-65,Im-3m,bcc,42.71819442535443
151,Ca,mp-21,mp-21,Im-3m,bcc,42.71819442535443
151,Ca,mp-21,mp-1056186,Im-3m,bcc,42.71819442535443
151,Ca,mp-21,mp-1067525,Im-3m,bcc,42.71819442535443
151,Ca,mp-21,mp-1076899,Im-3m,bcc,42.71819442535443
151,Ca,mp-21,mp-1227315,Im-3m,bcc,42.71819442535443
151,Ca,mp-21,mp-2355839,Im-3m,bcc,42.71819442535443
152,Co,mp-1183710,mp-1183710,P6_3/mmc,hcp,10.688475026948923
153,Co,mp-54,mp-54,P6_3/mmc,hcp,10.640137429822738
153,Co,mp-54,mp-1057473,P6_3/mmc,hcp,10.640137429822738
153,Co,mp-54,mp-1057628,P6_3/mmc,hcp,10.640137429822738
153,Co,mp-54,mp-1058516,P6_3/mmc,hcp,10.640137429822738
153,Co,mp-54,mp-1271435,P6_3/mmc,hcp,10.640137429822738
153,Co,mp-54,mp-1271673,P6_3/mmc,hcp,10.640137429822738
153,Co,mp-54,mp-1271539,P6_3/mmc,hcp,10.640137429822738
153,Co,mp-54,mp-1271600,P6_3/mmc,hcp,10.640137429822738
153,Co,mp-54,mp-1271556,P6_3/mmc,hcp,10.640137429822738
153,Co,mp-54,mp-2522183,P6_3/mmc,hcp,10.640137429822738
154,Co,mp-102,mp-102,Fm-3m,fcc,10.841542632772711
154,Co,mp-102,mp-1226522,Fm-3m,fcc,10.841542632772711
154,Co,mp-102,mp-2720567,Fm-3m,fcc,10.841542632772711
155,Co,mp-2647057,mp-2647133,Im-3m,bcc,11.030656874268672
156,Cr,mp-89,mp-89,P6_3/mmc,hcp,11.5876663282099
157,Cr,mp-8633,mp-8633,Fm-3m,fcc,11.500578123183354
157,Cr,mp-8633,mp-2913082,Fm-3m,fcc,11.500578123183354
158,Cr,mp-90,mp-90,Im-3m,bcc,13.084478862799186
158,Cr,mp-90,mp-1056627,Im-3m,bcc,13.084478862799186
158,Cr,mp-90,mp-1056839,Im-3m,bcc,13.084478862799186
158,Cr,mp-90,mp-1271669,Im-3m,bcc,13.084478862799186
158,Cr,mp-90,mp-1271298,Im-3m,bcc,13.084478862799186
158,Cr,mp-90,mp-1271577,Im-3m,bcc,13.084478862799186
158,Cr,mp-90,mp-1271531,Im-3m,bcc,13.084478862799186
158,Cr,mp-90,mp-1271581,Im-3m,bcc,13.084478862799186
158,Cr,mp-90,mp-1271640,Im-3m,bcc,13.084478862799186
158,Cr,mp-90,mp-1271643,Im-3m,bcc,13.084478862799186
158,Cr,mp-90,mp-1271606,Im-3m,bcc,13.084478862799186
158,Cr,mp-90,mp-2651548,Im-3m,bcc,13.084478862799186
159,Cu,mp-989695,mp-989695,P6_3/mmc,hcp,11.456429493146713
159,Cu,mp-989695,mp-2648989,P6_3/mmc,hcp,11.456429493146713
160,Cu,mp-989782,mp-989782,P6_3/mmc,hcp,11.435635317843316
160,Cu,mp-989782,mp-989813,P6_3/mmc,hcp,11.435635317843316
161,Cu,mp-30,mp-30,Fm-3m,fcc,11.445998564977856
161,Cu,mp-30,mp-1056551,Fm-3m,fcc,11.445998564977856
161,Cu,mp-30,mp-2652802,Fm-3m,fcc,11.445998564977856
162,Cu,mp-998890,mp-998890,Im-3m,bcc,11.4580939159638
162,Cu,mp-998890,mp-1056211,Im-3m,bcc,11.4580939159638
162,Cu,mp-998890,mp-2458173,Im-3m,bcc,11.4580939159638
163,Fe,mp-136,mp-136,P6_3/mmc,hcp,9.857071270897077
163,Fe,mp-136,mp-1056987,P6_3/mmc,hcp,9.857071270897077
163,Fe,mp-136,mp-1057226,P6_3/mmc,hcp,9.857071270897077
163,Fe,mp-136,mp-1058055,P6_3/mmc,hcp,9.857071270897077
163,Fe,mp-136,mp-1058271,P6_3/mmc,hcp,9.857071270897077
163,Fe,mp-136,mp-1058429,P6_3/mmc,hcp,9.857071270897077
163,Fe,mp-136,mp-1059309,P6_3/mmc,hcp,9.857071270897077
163,Fe,mp-136,mp-1059387,P6_3/mmc,hcp,9.857071270897077
163,Fe,mp-136,mp-1061062,P6_3/mmc,hcp,9.857071270897077
163,Fe,mp-136,mp-1061320,P6_3/mmc,hcp,9.857071270897077
163,Fe,mp-136,mp-2371188,P6_3/mmc,hcp,9.857071270897077
163,Fe,mp-136,mp-2416608,P6_3/mmc,hcp,9.857071270897077
164,Fe,mp-150,mp-150,Fm-3m,fcc,12.212332250413573
164,Fe,mp-150,mp-1055931,Fm-3m,fcc,12.212332250413573
164,Fe,mp-150,mp-1055971,Fm-3m,fcc,12.212332250413573
164,Fe,mp-150,mp-1056005,Fm-3m,fcc,12.212332250413573
164,Fe,mp-150,mp-1056006,Fm-3m,fcc,12.212332250413573
164,Fe,mp-150,mp-1055980,Fm-3m,fcc,12.212332250413573
164,Fe,mp-150,mp-1056062,Fm-3m,fcc,12.212332250413573
164,Fe,mp-150,mp-1056077,Fm-3m,fcc,12.212332250413573
164,Fe,mp-150,mp-1056080,Fm-3m,fcc,12.212332250413573
164,Fe,mp-150,mp-1056081,Fm-3m,fcc,12.212332250413573
164,Fe,mp-150,mp-1056112,Fm-3m,fcc,12.212332250413573
164,Fe,mp-150,mp-1056115,Fm-3m,fcc,12.212332250413573
164,Fe,mp-150,mp-1056167,Fm-3m,fcc,12.212332250413573
164,Fe,mp-150,mp-1056189,Fm-3m,fcc,12.212332250413573
164,Fe,mp-150,mp-1056190,Fm-3m,fcc,12.212332250413573
164,Fe,mp-150,mp-1056411,Fm-3m,fcc,12.212332250413573
164,Fe,mp-150,mp-1056172,Fm-3m,fcc,12.212332250413573
164,Fe,mp-150,mp-1056363,Fm-3m,fcc,12.212332250413573
164,Fe,mp-150,mp-1056441,Fm-3m,fcc,12.212332250413573
164,Fe,mp-150,mp-1056365,Fm-3m,fcc,12.212332250413573
164,Fe,mp-150,mp-1056267,Fm-3m,fcc,12.212332250413573
164,Fe,mp-150,mp-1056268,Fm-3m,fcc,12.212332250413573
164,Fe,mp-150,mp-1056234,Fm-3m,fcc,12.212332250413573
164,Fe,mp-150,mp-1056301,Fm-3m,fcc,12.212332250413573
164,Fe,mp-150,mp-1056263,Fm-3m,fcc,12.212332250413573
164,Fe,mp-150,mp-1056391,Fm-3m,fcc,12.212332250413573
164,Fe,mp-150,mp-1056555,Fm-3m,fcc,12.212332250413573
164,Fe,mp-150,mp-1056615,Fm-3m,fcc,12.212332250413573
164,Fe,mp-150,mp-1056623,Fm-3m,fcc,12.212332250413573
164,Fe,mp-150,mp-1056626,Fm-3m,fcc,12.212332250413573
164,Fe,mp-150,mp-1056645,Fm-3m,fcc,12.212332250413573
164,Fe,mp-150,mp-1056658,Fm-3m,fcc,12.212332250413573
164,Fe,mp-150,mp-1056671,Fm-3m,fcc,12.212332250413573
164,Fe,mp-150,mp-1056713,Fm-3m,fcc,12.212332250413573
164,Fe,mp-150,mp-1056535,Fm-3m,fcc,12.212332250413573
164,Fe,mp-150,mp-1056742,Fm-3m,fcc,12.212332250413573
164,Fe,mp-150,mp-1056801,Fm-3m,fcc,12.212332250413573
164,Fe,mp-150,mp-1056805,Fm-3m,fcc,12.212332250413573
164,Fe,mp-150,mp-1056806,Fm-3m,fcc,12.212332250413573
164,Fe,mp-150,mp-1056807,Fm-3m,fcc,12.212332250413573
164,Fe,mp-150,mp-1056826,Fm-3m,fcc,12.212332250413573
164,Fe,mp-150,mp-2355118,Fm-3m,fcc,12.212332250413573
165,Fe,mp-13,mp-13,Im-3m,bcc,11.734084234678498
165,Fe,mp-13,mp-1056125,Im-3m,bcc,11.734084234678498
165,Fe,mp-13,mp-1056127,Im-3m,bcc,11.734084234678498
165,Fe,mp-13,mp-1056162,Im-3m,bcc,11.734084234678498
165,Fe,mp-13,mp-1056316,Im-3m,bcc,11.734084234678498
165,Fe,mp-13,mp-1056352,Im-3m,bcc,11.734084234678498
165,Fe,mp-13,mp-1271677,Im-3m,bcc,11.734084234678498
165,Fe,mp-13,mp-1271306,Im-3m,bcc,11.734084234678498
165,Fe,mp-13,mp-1271691,Im-3m,bcc,11.734084234678498
165,Fe,mp-13,mp-2383859,Im-3m,bcc,11.734084234678498
166,K,mp-1184755,mp-1184755,P6_3/mmc,hcp,76.89743529528825
166,K,mp-1184755,mp-2667887,P6_3/mmc,hcp,76.89743529528825
167,K,mp-604318,mp-604318,P6_3/mmc,hcp,77.28580618533908
167,K,mp-604318,mp-2645506,P6_3/mmc,hcp,77.28580618533908
168,K,mp-10157,mp-10157,Fm-3m,fcc,78.04564502820226
168,K,mp-10157,mp-2456638,Fm-3m,fcc,78.04564502820226
169,K,mp-58,mp-58,Im-3m,bcc,78.51861211537867
169,K,mp-58,mp-1056220,Im-3m,bcc,78.51861211537867
169,K,mp-58,mp-1056270,Im-3m,bcc,78.51861211537867
169,K,mp-58,mp-2455234,Im-3m,bcc,78.51861211537867
170,Li,mp-10173,mp-10173,P6_3/mmc,hcp,20.104577204226533
170,Li,mp-10173,mp-1097022,P6_3/mmc,hcp,20.104577204226533
170,Li,mp-10173,mp-2424832,P6_3/mmc,hcp,20.104577204226533
171,Li,mp-976411,mp-976411,P6_3/mmc,hcp,20.365818913700927
171,Li,mp-976411,mp-2775309,P6_3/mmc,hcp,20.365818913700927
172,Li,mp-51,mp-51,Fm-3m,fcc,20.347259270998425
172,Li,mp-51,mp-1184952,Fm-3m,fcc,20.347259270998425
172,Li,mp-51,mp-2559096,Fm-3m,fcc,20.347259270998425
173,Li,mp-135,mp-135,Im-3m,bcc,20.34159020777027
173,Li,mp-135,mp-2383863,Im-3m,bcc,20.34159020777027
173,Li,mp-135,mp-2657097,Im-3m,bcc,20.34159020777027
174,Mg,mp-153,mp-153,P6_3/mmc,hcp,22.399498167675635
174,Mg,mp-153,mp-1060771,P6_3/mmc,hcp,22.399498167675635
174,Mg,mp-153,mp-1061231,P6_3/mmc,hcp,22.399498167675635
174,Mg,mp-153,mp-1061593,P6_3/mmc,hcp,22.399498167675635
174,Mg,mp-153,mp-1236874,P6_3/mmc,hcp,22.399498167675635
174,Mg,mp-153,mp-2683255,P6_3/mmc,hcp,22.399498167675635
175,Mg,mp-973364,mp-973364,P6_3/mmc,hcp,22.54702951445511
175,Mg,mp-973364,mp-2706361,P6_3/mmc,hcp,22.54702951445511
176,Mg,mp-1056702,mp-1056702,Fm-3m,fcc,22.60722103370626
177,Mg,mp-110,mp-110,Im-3m,bcc,22.28502511067041
177,Mg,mp-110,mp-2349422,Im-3m,bcc,22.28502511067041
178,Mn,mp-2647025,mp-2647119,P6_3/mmc,hcp,10.754116179390884
179,Mn,mp-8634,mp-8634,Fm-3m,fcc,10.44323517041897
179,Mn,mp-8634,mp-1056791,Fm-3m,fcc,10.44323517041897
179,Mn,mp-8634,mp-2466780,Fm-3m,fcc,10.44323517041897
180,Mn,mp-1055908,mp-1055908,Im-3m,bcc,10.81855722278302
180,Mn,mp-1055908,mp-1055912,Im-3m,bcc,10.81855722278302
180,Mn,mp-1055908,mp-1055916,Im-3m,bcc,10.81855722278302
181,Na,mp-10172,mp-10172,P6_3/mmc,hcp,36.93819600903703
181,Na,mp-10172,mp-2513923,P6_3/mmc,hcp,36.93819600903703
182,Na,mp-982370,mp-982437,P6_3/mmc,hcp,37.1679588285345
182,Na,mp-982370,mp-982370,P6_3/mmc,hcp,37.1679588285345
182,Na,mp-982370,mp-1067448,P6_3/mmc,hcp,37.1679588285345
182,Na,mp-982370,mp-2770183,P6_3/mmc,hcp,37.1679588285345
183,Na,mp-999501,mp-999501,P6_3/mmc,hcp,39.90268760030902
184,Na,mp-974558,mp-974558,Fm-3m,fcc,37.61435067185961
184,Na,mp-974558,mp-2775013,Fm-3m,fcc,37.61435067185961
185,Na,mp-127,mp-127,Im-3m,bcc,37.25750706727941
185,Na,mp-127,mp-2459076,Im-3m,bcc,37.25750706727941
185,Na,mp-127,mp-2625879,Im-3m,bcc,37.25750706727941
186,Ni,mp-10257,mp-10257,P6_3/mmc,hcp,10.568794875593424
186,Ni,mp-10257,mp-2681632,P6_3/mmc,hcp,10.568794875593424
187,Ni,mp-23,mp-23,Fm-3m,fcc,10.492020341068946
187,Ni,mp-23,mp-1056486,Fm-3m,fcc,10.492020341068946
187,Ni,mp-23,mp-1056589,Fm-3m,fcc,10.492020341068946
187,Ni,mp-23,mp-2631279,Fm-3m,fcc,10.492020341068946
188,Ni,mp-1008728,mp-1008728,Im-3m,bcc,10.597425704098889
188,Ni,mp-1008728,mp-1055969,Im-3m,bcc,10.597425704098889
188,Ni,mp-1008728,mp-2480132,Im-3m,bcc,10.597425704098889
189,Rb,mp-604321,mp-604321,P6_3/mmc,hcp,94.6599421071629
189,Rb,mp-604321,mp-2396683,P6_3/mmc,hcp,94.6599421071629
190,Rb,mp-975129,mp-975129,P6_3/mmc,hcp,94.64081606036754
191,Rb,mp-12628,mp-12628,Fm-3m,fcc,96.44791983228296
191,Rb,mp-12628,mp-1186798,Fm-3m,fcc,96.44791983228296
191,Rb,mp-12628,mp-1186800,Fm-3m,fcc,96.44791983228296
191,Rb,mp-12628,mp-2355620,Fm-3m,fcc,96.44791983228296
192,Rb,mp-70,mp-70,Im-3m,bcc,94.43963115088148
192,Rb,mp-70,mp-1056462,Im-3m,bcc,94.43963115088148
192,Rb,mp-70,mp-2352394,Im-3m,bcc,94.43963115088148
192,Rb,mp-70,mp-2771881,Im-3m,bcc,94.43963115088148
193,Sc,mp-67,mp-67,P6_3/mmc,hcp,25.01223695893517
193,Sc,mp-67,mp-1057622,P6_3/mmc,hcp,25.01223695893517
193,Sc,mp-67,mp-1061518,P6_3/mmc,hcp,25.01223695893517
193,Sc,mp-67,mp-2626698,P6_3/mmc,hcp,25.01223695893517
194,Sc,mp-36,mp-10640,Fm-3m,fcc,25.19608056344197
194,Sc,mp-36,mp-36,Fm-3m,fcc,25.19608056344197
194,Sc,mp-36,mp-1238069,Fm-3m,fcc,25.19608056344197
194,Sc,mp-36,mp-1244755,Fm-3m,fcc,25.19608056344197
194,Sc,mp-36,mp-2677344,Fm-3m,fcc,25.19608056344197
195,Sc,mp-10641,mp-10641,Im-3m,bcc,25.15796300100275
195,Sc,mp-10641,mp-1179541,Im-3m,bcc,25.15796300100275
195,Sc,mp-10641,mp-2775579,Im-3m,bcc,25.15796300100275
196,Sr,mp-139,mp-139,P6_3/mmc,hcp,56.43301959740416
196,Sr,mp-139,mp-1218908,P6_3/mmc,hcp,56.43301959740416
196,Sr,mp-139,mp-2526194,P6_3/mmc,hcp,56.43301959740416
197,Sr,mp-867202,mp-867202,P6_3/mmc,hcp,56.81652023169033
197,Sr,mp-867202,mp-2769371,P6_3/mmc,hcp,56.81652023169033
198,Sr,mp-76,mp-76,Fm-3m,fcc,55.834969924203925
198,Sr,mp-76,mp-19999,Fm-3m,fcc,55.834969924203925
198,Sr,mp-76,mp-1056618,Fm-3m,fcc,55.834969924203925
198,Sr,mp-76,mp-2506938,Fm-3m,fcc,55.834969924203925
199,Sr,mp-95,mp-95,Im-3m,bcc,55.44915137891407
199,Sr,mp-95,mp-2365129,Im-3m,bcc,55.44915137891407
199,Sr,mp-95,mp-2423846,Im-3m,bcc,55.44915137891407
200,Ti,mp-46,mp-46,P6_3/mmc,hcp,17.31935049402373
200,Ti,mp-46,mp-1057362,P6_3/mmc,hcp,17.31935049402373
200,Ti,mp-46,mp-1057489,P6_3/mmc,hcp,17.31935049402373
200,Ti,mp-46,mp-1057611,P6_3/mmc,hcp,17.31935049402373
200,Ti,mp-46,mp-1057570,P6_3/mmc,hcp,17.31935049402373
200,Ti,mp-46,mp-1057679,P6_3/mmc,hcp,17.31935049402373
200,Ti,mp-46,mp-1057770,P6_3/mmc,hcp,17.31935049402373
200,Ti,mp-46,mp-1057777,P6_3/mmc,hcp,17.31935049402373
200,Ti,mp-46,mp-1058730,P6_3/mmc,hcp,17.31935049402373
200,Ti,mp-46,mp-1058648,P6_3/mmc,hcp,17.31935049402373
200,Ti,mp-46,mp-1059729,P6_3/mmc,hcp,17.31935049402373
200,Ti,mp-46,mp-1059738,P6_3/mmc,hcp,17.31935049402373
200,Ti,mp-46,mp-1059988,P6_3/mmc,hcp,17.31935049402373
200,Ti,mp-46,mp-1059677,P6_3/mmc,hcp,17.31935049402373
200,Ti,mp-46,mp-1060024,P6_3/mmc,hcp,17.31935049402373
200,Ti,mp-46,mp-1060183,P6_3/mmc,hcp,17.31935049402373
200,Ti,mp-46,mp-1060448,P6_3/mmc,hcp,17.31935049402373
200,Ti,mp-46,mp-2522434,P6_3/mmc,hcp,17.31935049402373
201,Ti,mp-6985,mp-6985,Fm-3m,fcc,17.345854575003717
201,Ti,mp-6985,mp-2623233,Fm-3m,fcc,17.345854575003717
202,Ti,mp-73,mp-73,Im-3m,bcc,17.189995059394814
202,Ti,mp-73,mp-2459374,Im-3m,bcc,17.189995059394814
203,V,mp-2647074,mp-2647115,P6_3/mmc,hcp,13.87169537834788
204,V,mp-8632,mp-8632,Fm-3m,fcc,13.639763729020526
204,V,mp-8632,mp-2347011,Fm-3m,fcc,13.639763729020526
205,V,mp-146,mp-977611,Im-3m,bcc,13.263780153478194
205,V,mp-146,mp-146,Im-3m,bcc,13.263780153478194
205,V,mp-146,mp-1056037,Im-3m,bcc,13.263780153478194
205,V,mp-146,mp-1056488,Im-3m,bcc,13.263780153478194
205,V,mp-146,mp-1056529,Im-3m,bcc,13.263780153478194
205,V,mp-146,mp-1094020,Im-3m,bcc,13.263780153478194
205,V,mp-146,mp-1094024,Im-3m,bcc,13.263780153478194
205,V,mp-146,mp-1097815,Im-3m,bcc,13.263780153478194
205,V,mp-146,mp-1178833,Im-3m,bcc,13.263780153478194
205,V,mp-146,mp-2683271,Im-3m,bcc,13.263780153478194
206,Y,mp-112,mp-112,P6_3/mmc,hcp,33.77781304155621
206,Y,mp-112,mp-1059189,P6_3/mmc,hcp,33.77781304155621
206,Y,mp-112,mp-1059454,P6_3/mmc,hcp,33.77781304155621
206,Y,mp-112,mp-1060048,P6_3/mmc,hcp,33.77781304155621
206,Y,mp-112,mp-1064398,P6_3/mmc,hcp,33.77781304155621
206,Y,mp-112,mp-1101744,P6_3/mmc,hcp,33.77781304155621
206,Y,mp-112,mp-1178749,P6_3/mmc,hcp,33.77781304155621
206,Y,mp-112,mp-2625830,P6_3/mmc,hcp,33.77781304155621
207,Y,mp-1187717,mp-1187717,P6_3/mmc,hcp,34.023852245401315
208,Y,mp-9,mp-9,Fm-3m,fcc,33.240491920843745
208,Y,mp-9,mp-2379728,Fm-3m,fcc,33.240491920843745
209,Zn,mp-79,mp-79,P6_3/mmc,hcp,14.422554456959176
209,Zn,mp-79,mp-1057694,P6_3/mmc,hcp,14.422554456959176
209,Zn,mp-79,mp-1060154,P6_3/mmc,hcp,14.422554456959176
209,Zn,mp-79,mp-2525232,P6_3/mmc,hcp,14.422554456959176
210,Zn,mp-2646972,mp-2647145,Fm-3m,fcc,15.169425355152562
210,Zn,mp-2646972,mp-2647055,Fm-3m,fcc,15.169425355152562
210,Zn,mp-2646972,mp-2647123,Fm-3m,fcc,15.169425355152562
211,Zn,mp-2647117,mp-2647125,Im-3m,bcc,15.451105083659735
